id,pret,an,relational_semantic_type,Alarcon,source,fr_pattern,sp_pattern,patrons amplifiés,catégorie gramaticaux selon Lef,denotación gramatical variables,original_variables,extended_variables,changes,amp_gram,amp_dicc,alarcon,FALSE,traduction_source,min_elements_number,CQL_query,exemple francais,espagnol traduction,exemple-old,comment,main_element,type_element,first try,query,,
H01,TRUE,,hyp_attributif,,1,DET Y être DET X + caractéristiques {qui/que/dont/où/Adj/ ppassé/pprésent},DET Y ser DET X + características {que/quien/donde/cuyoAdj/ ppasado/ppresente},DET Y ser DET X + características {quién/qué/quién/dónde/Adj/ ppasado/ppresente},ont verbe « être » pour verbe pivot,,quién/qué/quién/dónde/Adj/ ppasado/ppresente,,NO,FALSE,FALSE,FALSE,TRUE,,9,,Les verrous sont des saillies rocheuses moutonnées par l'érosion,Las esclusas son salientes rocosos moldeados por la erosión,,,ser,lemma,"[spanishpos=""ART""] [spanishpos=""NC|NMON|NMEA|NP|DM""] ser [spanishpos=""ART""] [spanishpos=""NC|NMON|NMEA|NP""] + características {quién|qué|quién|dónde|Adj| ppasado|ppresente}","[spanishpos=""ART""]? [spanishpos=""NC|NMON|NMEA|NP""][spanishpos!=""NEG|COLON|SEMICOLON|CM|NEG|FS|DOTS|DASH|LP|RP|SLASH|BACKSLASH""]{0,5}[spanishpos=""VS.*""] [spanishpos=""ART""]?[spanishpos=""NC|NMON|NMEA|NP""]",,
,,,,Patron tipográfico,,,Y {./:/¶} X + características {quién/qué/quién/dónde/Adj/ ppasado/ppresente},,,,,,NO,FALSE,FALSE,FALSE,FALSE,,,,,,Desastre. Perturbación de la actividad normal que ocasiona pérdidas o daños extensos o graves. (p. 128),"[non possible à trouver] cursivas, negritas, subrayados, mayúsculas, encabezados, viñetas y paréntesis ",,,,,,
,,,,Patron tipográfico,,,"""Y"" X + características {quién/qué/quién/dónde/Adj/ ppasado/ppresente}",,,,,,NO,FALSE,FALSE,FALSE,FALSE,,,,,,,,,,,,,
H02,TRUE,,hyp_attributif,,1,DET Y être DET indéfini {sorte/espèce/variété/ type} de DET X,DET Y ser DET indefinido {especie/variedad/tipo} de DET X,DET Y ser DET indefinido {especie/variedad/tipo/clase} de DET X,ont verbe « être » pour verbe pivot,,especie/variedad/tipo,['especie/variedad/tipo/clase'],DICT,FALSE,TRUE,FALSE,TRUE,,10,,Le bacille est une variété de bactérie,El bacilo es una variedad de bacteria,,,ser,lemma,"[spanishpos=""ART""] [spanishpos=""NC|NMON|NMEA|NP""] ser [spanishpos=""ART""] {especie|variedad|tipo|clase} de [spanishpos=""ART""] [spanishpos=""NC|NMON|NMEA|NP""]","[spanishpos=""ART""]?[spanishpos=""NC|NMON|NMEA|NP""][spanishpos!=""NEG|COLON|SEMICOLON|CM|FS|DOTS|DASH|LP|RP|SLASH|BACKSLASH""]{0,6}[spanishpos=""VS.*""] [spanishpos=""ART""]? [spanishlemma=""especie|variedad|tipo|clase|ejemplar|tipología|grupo|espécimen""][spanishlemma=""de""]?[spanishpos=""NC|NMON|NMEA|NP""]",,
H03,TRUE,,hyp_attributif,,1,DET Y être DET X très Adj,DET Y ser DET X muy Adj,DET Y ser DET X muy Adj,ont verbe « être » pour verbe pivot,adverbe de quantification (indéfini),muy,,NO,FALSE,FALSE,FALSE,FALSE,,7,,,,peut etre ici qu'il le determinant soit toujours indef,,ser,lemma,"[spanishpos=""ART""] [spanishpos=""NC|NMON|NMEA|NP""] ser [spanishpos=""ART""] [spanishpos=""NC|NMON|NMEA|NP""] muy Adj","[spanishpos=""ART""]?[spanishpos=""NC|NMON|NMEA|NP""][spanishpos!=""NEG|COLON|SEMICOLON|CM|NEG|FS|DOTS|DASH|LP|RP|SLASH|BACKSLASH""]{0,5}[spanishpos=""VS.*""] [spanishpos=""ART""]?[spanishpos=""NC|NMON|NMEA|NP""][spanishpos!=""COLON|SEMICOLON|CM|NEG|FS|DOTS|DASH|LP|RP|SLASH|BACKSLASH""]{0,5}[spanishlemma=""muy""][spanishpos!=""COLON|SEMICOLON|CM|NEG|FS|DOTS|DASH|LP|RP|SLASH|BACKSLASH""]{1}",,
H04,TRUE,,hyp_attributif,,1,DET Y être DET défini X DET défini {plus/moins} Adj,DET Y ser DET definido X {más/menos} Adj,DET Y ser DET definido X {más/menos} Adj,ont verbe « être » pour verbe pivot,quantificateurs superlatifs,más/menos,,NO,FALSE,FALSE,FALSE,FALSE,,10,,,,la femme la plus belle/es la mujer más bella,"ici on peut essayer ""el MÁS/MENOS"" pour voir qu'il y a",ser,lemma,"[spanishpos=""ART""] [spanishpos=""NC|NMON|NMEA|NP""] ser [spanishpos=""ART""] [spanishpos=""NC|NMON|NMEA|NP""] {más|menos} Adj","[spanishpos=""ART""]?[spanishpos=""NC|NMON|NMEA|NP""][spanishpos!=""NEG|COLON|SEMICOLON|CM|NEG|FS|DOTS|DASH|LP|RP|SLASH|BACKSLASH""]{0,5}[spanishpos=""VS.*""] [spanishpos=""ART""]?[spanishpos=""NC|NMON|NMEA|NP""][spanishpos!=""COLON|SEMICOLON|CM|NEG|FS|DOTS|DASH|LP|RP|SLASH|BACKSLASH""]{0,5}[spanishlemma=""más|menos""][spanishpos!=""COLON|SEMICOLON|CM|NEG|FS|DOTS|DASH|LP|RP|SLASH|BACKSLASH""]{1}",,
H05,TRUE,,hyp_attributif,,1,DET Y être DET défini {plus/moins} Adj de tous DET défini X,DET Y ser DET definido {más/menos} Adj de todo DET definido X,DET Y ser DET definido {más/menos} Adj de {todo}? DET definido X,ont verbe « être » pour verbe pivot,quantificateurs superlatifs,más/menos,,NO,FALSE,FALSE,FALSE,FALSE,,12,,La mygale est l'araignée la plus dangereuse,,el más x de todo el X,"ici on peut essayer ""el MÁS/MENOS"" pour voir qu'il y a",ser,lemma,"[spanishpos=""ART""] [spanishpos=""NC|NMON|NMEA|NP""] ser [spanishpos=""ART""] {más|menos} Adj de todo [spanishpos=""ART""] [spanishpos=""NC|NMON|NMEA|NP""]","[spanishpos=""ART""]?[spanishpos=""NC|NMON|NMEA|NP""][spanishpos!=""NEG|COLON|SEMICOLON|CM|NEG|FS|DOTS|DASH|LP|RP|SLASH|BACKSLASH""]{0,5}[spanishpos=""VS.*""] [spanishpos=""ART""]?[spanishlemma=""más|menos""][spanishpos!=""COLON|SEMICOLON|CM|NEG|FS|DOTS|DASH|LP|RP|SLASH|BACKSLASH""]{1,5}[spanishlemma=""de""]?[spanishlemma=""todo""][spanishpos=""ART""]?[spanishpos=""NC|NMON|NMEA|NP""][spanishpos!=""COLON|SEMICOLON|CM|NEG|FS|DOTS|DASH|LP|RP|SLASH|BACKSLASH""]{0,5}",,
H06,TRUE,,hyp_coordonné,,1,DET Y et {autres/tout autre/tout autre type de} X,DET Y y {otro/cualquier otro/cualquier otro tipo de} X,DET Y y {otro/cualquier otro/cualquier otro tipo de/demás/el resto de} X,"Ils s’articulent autour de conjonctions de coordination comme « et » ou « ou », a) déterminant adjectival « autre »ou « tout autre », b) adverbes de spécification/d'inclusión",quantificateur avec valeur d'altérité,otro/cualquier otro/cualquier otro tipo de,['otro/cualquier otro/cualquier otro tipo de/demás/el resto de'],2,TRUE,TRUE,FALSE,FALSE,,9,,les chiens et tout autre animal de compagnie,,conj alternative??,"selon RAE: ""demas"" a certains utilisations similaires que ""otro"" dans certains contextes (Cf. RAE, p. 251) || Selon le dict, on peut trouver ""y"", mais aussi ""o""",CC,tag,"[spanishpos=""ART""] [spanishpos=""NC|NMON|NMEA|NP""] y {otro|cualquier otro|cualquier otro tipo de|demás|el resto de} [spanishpos=""NC|NMON|NMEA|NP""]","[spanishpos=""ART""]?[spanishpos=""NC|NMON|NMEA|NP""][spanishpos!=""NEG|COLON|SEMICOLON|CM|NEG|FS|DOTS|DASH|LP|RP|SLASH|BACKSLASH""]{0,5}[spanishlemma=""y|o""]([spanishlemma=""todo""][spanishpos=""ART""]?)?[spanishlemma=""cualquier""]?[spanishlemma=""otro""][spanishlemma=""tipo""]?[spanishlemma=""de""]?[spanishpos=""NC|NMON|NMEA|NP""][spanishpos!=""COLON|SEMICOLON|CM|NEG|FS|DOTS|DASH|LP|RP|SLASH|BACKSLASH|V.*""]{0,5}",,"[spanishpos=""ART""]?[spanishpos!=""COLON|SEMICOLON|CM|NEG|FS|DOTS|DASH|LP|RP|SLASH|BACKSLASH|V.*""]{1,5}[spanishlemma=""y|o""][]{0,5}([spanishlemma=""otro|demás""]|[spanishlemma=""el""][spanishlemma=""resto""][spanishlemma=""de""])[spanishpos!=""COLON|SEMICOLON|CM|NEG|FS|DOTS|DASH|LP|RP|SLASH|BACKSLASH|V.*""]{2,5}"
H07,TRUE,,hyp_coordonné,,1,DET Y {et/ou} DET {autres} X,DET Y {y/o} DET otro X,DET Y {y/o} DET otro X,"Ils s’articulent autour de conjonctions de coordination comme « et » ou « ou », a) déterminant adjectival « autre »ou « tout autre », b) adverbes de spécification/d'inclusión",,y/o,,NO,FALSE,FALSE,FALSE,FALSE,,6,,,,,,CC,tag,"[spanishpos=""ART""] [spanishpos=""NC|NMON|NMEA|NP""] {y|o} [spanishpos=""ART""] otro [spanishpos=""NC|NMON|NMEA|NP""]","[spanishpos=""ART""]?[spanishpos=""NC|NMON|NMEA|NP""][spanishpos!=""NEG|COLON|SEMICOLON|CM|NEG|FS|DOTS|DASH|LP|RP|SLASH|BACKSLASH""]{0,5}[spanishlemma=""y|o""][]{0,5}([spanishlemma=""otro|demás""]|[spanishlemma=""el""][spanishlemma=""resto""][spanishlemma=""de""])[spanishpos=""NC|NMON|NMEA|NP""][spanishpos!=""COLON|SEMICOLON|CM|NEG|FS|DOTS|DASH|LP|RP|SLASH|BACKSLASH|V.*""]{0,5}","[spanishpos=""ART""]?[][spanishpos!=""NEG|COLON|SEMICOLON|CM|NEG|FS|DOTS|DASH|LP|RP|SLASH|BACKSLASH""]{0,5}[spanishlemma=""y|o""][]{0,5}?([spanishlemma=""otro|demás""]|[spanishlemma=""el""][spanishlemma=""resto""][spanishlemma=""de""])[spanishpos!=""COLON|SEMICOLON|CM|NEG|FS|DOTS|DASH|LP|RP|SLASH|BACKSLASH|V.*""]{2,5}",DET Y y {otro/cualquier otro/cualquier otro tipo de/demás/el resto de} X
H08,TRUE,,hyp_coordonné,,1,DET X et {notamment/en particulier/(tout) spécialement/(tout) particulièrement/surtout/avanttout} DET Y,DET X y {especialmente/particularmente/sobre todo/ante todo/en especial/en particular} DET Y,DET X y {especialmente/particularmente/sobre todo/ante todo/en especial/en particular/concretamente/en concreto/principalmente} DET Y,"Ils s’articulent autour de conjonctions de coordination comme « et » ou « ou », a) déterminant adjectival « autre »ou « tout autre », b) adverbes de spécification/d'inclusión",adverbes d'inclusion,especialmente/particularmente/sobre todo/ante todo,['especialmente/particularmente/sobre todo/ante todo/en especial/en particular/concretamente/en concreto/principalmente'],DICT,FALSE,TRUE,FALSE,FALSE,,9,,,,,,CC,tag,"[spanishpos=""ART""]?[][spanishpos!=""NEG|COLON|SEMICOLON|CM|NEG|FS|DOTS|DASH|LP|RP|SLASH|BACKSLASH""]{0,5}[spanishlemma=""y""][spanishlemma=""particularmente""][spanishpos=""ART""]?[spanishpos!=""COLON|SEMICOLON|CM|NEG|FS|DOTS|DASH|LP|RP|SLASH|BACKSLASH|V.*""]{2,5}","[spanishpos=""ART""]?[spanishpos=""NC|NMON|NMEA|NP""][spanishpos!=""NEG|COLON|SEMICOLON|NEG|FS|DOTS|DASH|LP|RP|SLASH|BACKSLASH""]{0,5}[spanishlemma=""y""]([spanishlemma=""en""][spanishlemma=""particular|concreto|especial""]|[spanishlemma=""ante|sobre""][spanishlemma=""todo""]|[spanishlemma=""todo""]?[spanishlemma=""especialmente|particularmente|concretamente|principalmente""])[spanishpos=""ART""]?[spanishpos=""NC|NMON|NMEA|NP""][]{1,5}",,
H09,TRUE,,hyp_appositif,,1,"DET Y, DET défini X DET défini {plus/moins} Adj","DET Y, DET definido X {más/menos} Adj","DET Y, DET definido X {más/menos} Adj",,,más/menos,,NO,FALSE,FALSE,FALSE,FALSE,,9,,"La Lune est surtout constituée de basalte, la lave la plus commune sur Terre.",,,,"CM, PREP",tag,"[spanishpos=""ART""] [spanishpos=""NC|NMON|NMEA|NP""], [spanishpos=""ART""] [spanishpos=""NC|NMON|NMEA|NP""] {más|menos} Adj","[spanishpos=""ART""]?[spanishpos=""NC|NMON|NMEA|NP""][spanishpos!=""NEG|COLON|SEMICOLON|NEG|FS|DOTS|DASH|LP|RP|SLASH|BACKSLASH""]{0,5} [spanishpos=""CM""] [spanishpos=""ART""]?[spanishpos=""NC|NMON|NMEA|NP""][spanishpos!=""NEG|COLON|SEMICOLON|NEG|FS|DOTS|DASH|LP|RP|SLASH|BACKSLASH""]{0,5} [spanishlemma=""más|menos""] [spanishpos=""ADJ""]",,
H10,TRUE,,hyp_appositif,,1,"DET Y, DET défini {plus/moins} Adj {des/de tous les} X","DET Y, DET definido {más/menos} Adj {de los/de las/de todos los/de todas las} X","DET Y, DET definido {más/menos} Adj {de los/de las/de todos los/de todas las} X",,,"más/menos, de los/de las/de todos los/de todas las",,NO,FALSE,FALSE,FALSE,FALSE,,10,,,,,,"CM, PREP",tag,"[spanishpos=""ART""] [spanishpos=""NC|NMON|NMEA|NP""], [spanishpos=""ART""] {más|menos} Adj {de los|de las|de todos los|de todas las} [spanishpos=""NC|NMON|NMEA|NP""]","[spanishpos=""ART""]?[spanishpos=""NC|NMON|NMEA|NP""][spanishpos!=""NEG|COLON|SEMICOLON|NEG|FS|DOTS|DASH|LP|RP|SLASH|BACKSLASH""]{0,5} [spanishpos=""CM""] [spanishpos=""ART""]?[spanishlemma=""más|menos""] [spanishpos=""ADJ""][spanishlemma=""de""][spanishlemma=""todo""]?[spanishpos=""ART""]?[spanishpos=""NC|NMON|NMEA|NP""][spanishpos!=""NEG|COLON|SEMICOLON|NEG|FS|DOTS|DASH|LP|RP|SLASH|BACKSLASH""]{0,5}","[spanishpos=""ART""]?[spanishpos=""NC|NMON|NMEA|NP""][spanishpos!=""NEG|COLON|SEMICOLON|NEG|FS|DOTS|DASH|LP|RP|SLASH|BACKSLASH""]{0,5} [spanishpos=""CM""] [spanishpos=""ART""]?[spanishlemma=""más|menos""] [spanishpos=""ADJ""][spanishlemma=""de""][spanishlemma=""todo""]?[spanishpos=""ART""]?[spanishpos!=""NEG|COLON|SEMICOLON|NEG|FS|DOTS|DASH|LP|RP|SLASH|BACKSLASH""]{1,5}","DET Y, DET definido {más/menos} Adj {de los/de las/de todos los/de todas las} X"
H11,TRUE,,hyp_appositif,,1,"DET X, {notamment/en particulier/(tout) spécialement/(tout) particulièrement/surtout/avant tout} (DET) Y","DET X, {especialmente/particularmente/sobre todo/ante todo/en especial/en particular} (DET) Y","DET X, {especialmente/particularmente/sobre todo/ante todo/en especial/en particular/concretamente/en concreto/principalmente} (DET) Y",,adverbes d'inclusion,especialmente/particularmente/sobre todo/ante todo,['especialmente/particularmente/sobre todo/ante todo/en especial/en particular/concretamente/en concreto/principalmente'],DICT,FALSE,TRUE,FALSE,FALSE,,9,,,,,,"CM, PREP",tag,"[spanishpos=""ART""] [spanishpos=""NC|NMON|NMEA|NP""], {especialmente|particularmente|sobre todo|ante todo|en especial|en particular|concretamente|en concreto|principalmente} ([spanishpos=""ART""]) [spanishpos=""NC|NMON|NMEA|NP""]","[spanishpos=""ART""]?[spanishpos=""NC|NMON|NMEA|NP""][spanishpos!=""NEG|COLON|SEMICOLON|NEG|FS|DOTS|DASH|LP|RP|SLASH|BACKSLASH""]{0,5}[]? [spanishpos=""CM""] ([spanishlemma=""en""][spanishlemma=""particular|concreto|especial""]|[spanishlemma=""ante|sobre""][spanishlemma=""todo""]|[spanishlemma=""todo""]?[spanishlemma=""especialmente|particularmente|concretamente|principalmente""])[]?[spanishpos=""ART""]?[spanishpos=""NC|NMON|NMEA|NP""]","[spanishpos=""ART""]?[spanishpos!=""NEG|COLON|SEMICOLON|NEG|FS|DOTS|DASH|LP|RP|SLASH|BACKSLASH""]{1,5} [spanishpos=""ADJ""]?[]{0,1}[spanishpos=""FS|DOTS|DASH|LP|RP|SLASH|COLON|SEMICOLON|BACKSLASH|CM"" & spanishlemma=""\(""]?([spanishlemma=""en""][spanishlemma=""particular""]|[spanishlemma=""ante""][spanishlemma=""todo""]|[spanishlemma=""todo""]?[spanishlemma=""especialmente|particularmente|concretamente|principalmente""])[spanishpos=""ART""]?[spanishpos!=""NEG|COLON|SEMICOLON|NEG|FS|DOTS|DASH|LP|RP|SLASH|BACKSLASH""]{2,5} ","[spanishpos=""ART""]?[spanishpos=""NC|NMON|NMEA|NP""][spanishpos=""ADJ""]?[]{0,1}[spanishpos=""FS|DOTS|DASH|LP|RP|SLASH|COLON|SEMICOLON|BACKSLASH|CM"" & spanishlemma=""\(""]([spanishlemma=""en""][spanishlemma=""particular|concreto|especial""]|[spanishlemma=""ante|sobre""][spanishlemma=""todo""]|[spanishlemma=""todo""]?[spanishlemma=""especialmente|particularmente|concretamente|principalmente""])[spanishpos=""ART""]?[spanishpos=""NC|NMON|NMEA|NP""]"
H12,TRUE,,hyp_appositif,,,"DET défini {plus/moins} Adj {des/de tous les} X, {soit/c’est-à-dire/à savoir} DET défini Y",,,,,,,,FALSE,FALSE,FALSE,FALSE,,,,"la plus dangereuse de toutes les araignées, c’est-à-dire la mygale…","la más peligrosa de todas las arañas, es decir la tarántula…",,,"CM, PREP",tag,nan,"[spanishpos=""ART""]?[spanishlemma=""más|menos""] [spanishpos=""ADJ""]([spanishlemma=""de""][spanishlemma=""todo""]?[spanishpos=""ART""]?)[spanishpos=""NC|NMON|NMEA|NP""][spanishpos!=""NEG|COLON|SEMICOLON|NEG|FS|DOTS|DASH|LP|RP|SLASH|BACKSLASH""]{0,5}[]?([word=""es""][word=""decir""]|[word=""a""][word=""saber""]|[word=""o""][word=""sea""]|[word=""en""][spanishlemma=""otro""][spanishlemma=""palabra""])[]?[spanishpos=""ART""]?[spanishpos=""NC|NMON|NMEA|NP""]",,
H13,TRUE,,hyp_appositif,,1,DET X ( {notamment/en particulier/(tout) spécialement/(tout) particulièrement/surtout/avant tout} (DET) Y ),DET X ( {en particular/especialmente/particularmente/sobre todo/ante todo} (DET) Y ),DET X ( {especialmente/particularmente/sobre todo/ante todo/en especialconcretamente/en concreto/principalmente} (DET) Y ),,adverbes d'inclusion,especialmente/particularmente/sobre todo/ante todo,['especialmente/particularmente/sobre todo/ante todo/en especial/en particular/concretamente/en concreto/principalmente'],DICT,FALSE,TRUE,FALSE,FALSE,,11,,"Ses inconvénients (notamment fatigue, nausées, chute temporaire des cheveux), dépendent de la nature des produits utilisés",,,,LP,tag,"[spanishpos=""ART""] [spanishpos=""NC|NMON|NMEA|NP""] ( {especialmente|particularmente|sobre todo|ante todo|en especialconcretamente|en concreto|principalmente} ([spanishpos=""ART""]) [spanishpos=""NC|NMON|NMEA|NP""] )","[spanishpos=""ART""]?[spanishpos=""NC|NMON|NMEA|NP""][spanishpos!=""NEG|COLON|SEMICOLON|NEG|FS|DOTS|DASH|LP|RP|SLASH|BACKSLASH""]{0,5}[spanishpos=""LP""]([spanishlemma=""en""][spanishlemma=""particular|concreto|especial""]|[spanishlemma=""ante|sobre""][spanishlemma=""todo""]|[spanishlemma=""todo""]?[spanishlemma=""especialmente|particularmente|concretamente|principalmente""])[]?[spanishpos=""ART""]?[spanishpos=""NC|NMON|NMEA|NP""]",,
H14,TRUE,,hyp_appositif,,1,"DET X, (DET) Y {notamment/en particulier/(tout) spécialement/(tout) particulièrement/surtout/avant tout}","DET X, (DET) Y {en particular/especialmente/particularmente/sobre todo/ante todo}","DET X, (DET) Y {especialmente/particularmente/sobre todo/ante todo/en especialconcretamente/en concreto/principalmente}",,adverbes d'inclusion,especialmente/particularmente/sobre todo/ante todo,['especialmente/particularmente/sobre todo/ante todo/en especial/en particular/concretamente/en concreto/principalmente'],DICT,FALSE,TRUE,FALSE,FALSE,,9,,,,,,CM,tag,"[spanishpos=""ART""] [spanishpos=""NC|NMON|NMEA|NP""], ([spanishpos=""ART""]) [spanishpos=""NC|NMON|NMEA|NP""] {especialmente|particularmente|sobre todo|ante todo|en especialconcretamente|en concreto|principalmente}","[spanishpos=""ART""]?[spanishpos=""NC|NMON|NMEA|NP""][spanishpos!=""NEG|COLON|SEMICOLON|NEG|FS|DOTS|DASH|LP|RP|SLASH|BACKSLASH""]{0,5} [spanishpos=""CM""][spanishpos=""ART""]?[spanishpos=""NC|NMON|NMEA|NP""][spanishpos!=""NEG|COLON|SEMICOLON|NEG|FS|DOTS|DASH|LP|RP|SLASH|BACKSLASH""]{0,5}([spanishlemma=""en""][spanishlemma=""particular|concreto|especial""]|[spanishlemma=""ante|sobre""][spanishlemma=""todo""]|[spanishlemma=""todo""]?[spanishlemma=""especialmente|particularmente|concretamente|principalmente""])","DET X, (DET) Y {en particular/especialmente/particularmente/sobre todo/ante todo}",
H15,TRUE,,hyp_appositif,,1,"DET X, {y compris/ tout en comptant/en tenant compte de} (DET) Y","DET X, {incluido/teniendo en cuenta} (DET) Y","DET X, {incluido/teniendo en cuenta/incluso/inclusive/incluyendo/hasta/tomando en consideración} (DET) Y",,,incluido/teniendo en cuenta,['incluido/teniendo en cuenta/incluso/inclusive/incluyendo/hasta/tomando en consideración'],2,TRUE,TRUE,FALSE,FALSE,,12,,,,,"""hasta"" es también un adverbio de inclusón (RAE, p,763)",CM,tag,"[spanishpos=""ART""] [spanishpos=""NC|NMON|NMEA|NP""], {incluido|teniendo en cuenta|incluso|inclusive|incluyendo|hasta|tomando en consideración} ([spanishpos=""ART""]) [spanishpos=""NC|NMON|NMEA|NP""]","[spanishpos=""ART""]?[spanishpos=""NC|NMON|NMEA|NP""][spanishpos!=""NEG|COLON|SEMICOLON|NEG|FS|DOTS|DASH|LP|RP|SLASH|BACKSLASH""]{0,5} [spanishpos=""CM""]([word=""incluid.*|incluyendo|hasta|incluso|inclusive""]|[word=""tomando|teniendo""][spanishlemma=""en""][spanishlemma=""consideración|cuenta""])[]?[spanishpos=""ART""]?[spanishpos=""NC|NMON|NMEA|NP""]",,
H16,TRUE,,hyp_appositif,,1,"DET X, {hormis/ sauf/exception faite/à l’exception de/excepté} DET Y","DET X, {excepto/salvo/a excepcion de/exceptuado} DET Y","DET X, {excepto/salvo/a excepcion de/exceptuado/menos/a parte de/con excepción de/con exclusión de/descontando} DET Y",,,excepto/salvo/a excepcion de/exceptuado,['excepto/salvo/a excepcion de/exceptuado/menos/a parte de/con excepción de/con exclusión de/descontando'],DICT,FALSE,TRUE,FALSE,FALSE,,9,,,,,,CM,tag,"[spanishpos=""ART""] [spanishpos=""NC|NMON|NMEA|NP""], {excepto|salvo|a excepcion de|exceptuado|menos|a parte de|con excepción de|con exclusión de|descontando} [spanishpos=""ART""] [spanishpos=""NC|NMON|NMEA|NP""]","[spanishpos=""ART""]?[spanishpos=""NC|NMON|NMEA|NP""][spanishpos!=""NEG|COLON|SEMICOLON|NEG|FS|DOTS|DASH|LP|RP|SLASH|BACKSLASH""]{0,5} [spanishpos=""CM""]([word=""excepto|salvo|exceptua.*|menos|desconta.*""]|[spanishlemma=""a|con""][spanishlemma=""excepción|exclusión""][spanishlemma=""de""])[]?[spanishpos=""ART""]?[spanishpos=""NC|NMON|NMEA|NP""]",,
H17,TRUE,,hyp_appositif,,,DET X ((DET) Y),DET X ((DET) Y),DET X ((DET) Y),,,,,NO,FALSE,FALSE,FALSE,FALSE,,4,,,,,,LP,tag,"[spanishpos=""ART""] [spanishpos=""NC|NMON|NMEA|NP""] (([spanishpos=""ART""]) [spanishpos=""NC|NMON|NMEA|NP""])","[spanishpos=""ART""]?[spanishpos=""NC|NMON|NMEA|NP""][spanishpos!=""NEG|COLON|SEMICOLON|NEG|FS|DOTS|DASH|LP|RP|SLASH|BACKSLASH""]{0,5} [spanishpos=""LP""][spanishpos=""ART""]?[spanishpos=""NC|NMON|NMEA|NP""][spanishpos!=""NEG|COLON|SEMICOLON|NEG|FS|DOTS|DASH|LP|RP|SLASH|BACKSLASH""]{0,5}[spanishpos=""RP""]",,
H18,TRUE,,hyp_d'inclusion,,1,{DET défini/différents/plusieurs/de nombreux/divers/quelques/un certain nombre de/un grand nombre de/beaucoup de} X {notamment/en particulier/(tout) spécialement/(tout) particulièrement/surtout/avant tout} DET Y,{DET definido/diferentes/muchos/varios/diversos/algunos/un gran número de} X {en particular/especialmente/particularmente/mayoritariamente/antes que todo} DET Y,{DET definido/diferentes/muchos/varios/diversos/algunos/un gran número de/distintos/multiples/montones de/numerosos} X {especialmente/particularmente/sobre todo/ante todo/en especial/en particular/concretamente/en concreto/principalmente} DET Y,,"adjectifs quantificateurs, adverbes d'inclusion","DET definido/diferentes/muchos/varios/diversos/algunos/un número de/un gran número de, en particular/especialmente/particularmente/sobre todo/ante todo","['DET definido/diferentes/muchos/varios/diversos/algunos/un gran número de/distintos/multiples/montones de/numerosos', 'especialmente/particularmente/sobre todo/ante todo/en especial/en particular/concretamente/en concreto/principalmente']",GRAM,TRUE,FALSE,FALSE,FALSE,,18,,Un traitement hormonal a pour but de neutraliser l'activité de certaines hormones notamment les œstrogènes chez la femme,,,"""adjectifs quantificateurs"" RAE p.250","CM, PREP",tag,"{[spanishpos=""ART""]|diferentes|muchos|varios|diversos|algunos|un gran número de|distintos|multiples|montones de|numerosos} [spanishpos=""NC|NMON|NMEA|NP""] {especialmente|particularmente|sobre todo|ante todo|en especial|en particular|concretamente|en concreto|principalmente} [spanishpos=""ART""] [spanishpos=""NC|NMON|NMEA|NP""]","([spanishpos=""ART""]|[spanishlemma=""diferente|mucho|vario|diverso|alguno|distinto|multiple|numeroso""]|[spanishlemma=""un""][spanishlemma=""gran""][spanishlemma=""número""][spanishlemma=""de""]|[spanishlemma=""montón""][spanishlemma=""de""])[spanishpos=""NC|NMON|NMEA|NP""][spanishpos!=""NEG|COLON|SEMICOLON|NEG|FS|DOTS|DASH|LP|RP|SLASH|BACKSLASH""]{0,5} []?([spanishlemma=""en""][spanishlemma=""particular|concreto|especial""]|[spanishlemma=""ante|sobre""][spanishlemma=""todo""]|[spanishlemma=""todo""]?[spanishlemma=""especialmente|particularmente|concretamente|principalmente""])[]?[spanishpos=""ART""]?[spanishpos=""NC|NMON|NMEA|NP""]",,
H19,TRUE,,hyp_d'inclusion,,1,{DET défini/différents/plusieurs/de nombreux/divers/quelques/un certain nombre de/un grand nombre de /beaucoup de} X {dont/tel que/tel} DET Y,{DET definido/diferentes/muchos/diferentes/algunos/un número de/un gran número de} X {tal/tal como/tal cual} DET Y,{DET definido/diferentes/muchos/diferentes/algunos/un número de/un gran número de/distintos/multiples/montones de/numerosos} X {que/cual/tal como} DET Y,,"adjectifs quantificateurs, adverbes","DET definido/diferentes/muchos/diferentes/algunos/un número de/un gran número de, que/cual/tal como","['DET definido/diferentes/muchos/varios/diversos/algunos/un gran número de/distintos/multiples/montones de/numerosos', 'que/cual/tal como']",DICT,FALSE,TRUE,FALSE,FALSE,,16,,"les chercheurs sont confrontés à plusieurs difficultés dont l’hétérogénéité tissulaire de l’échantillon, la méthode d’extraction des acides nucléiques, le choix des contrôles d’expérience",,,,tal,lemma,"{[spanishpos=""ART""]|diferentes|muchos|diferentes|algunos|un número de|un gran número de|distintos|multiples|montones de|numerosos} [spanishpos=""NC|NMON|NMEA|NP""] {que|cual|tal como} [spanishpos=""ART""] [spanishpos=""NC|NMON|NMEA|NP""]","[spanishpos!=""NEG|COLON|SEMICOLON|NEG|FS|DOTS|DASH|LP|RP|SLASH|BACKSLASH""]{1,5} [spanishlemma=""tal""][spanishlemma=""cual|como|que""]?[spanishpos=""ART""]?[spanishpos=""NC|NMON|NMEA|NP""][spanishpos!=""NEG|COLON|SEMICOLON|NEG|FS|DOTS|DASH|LP|RP|SLASH|BACKSLASH""]{0,5}","([spanishpos=""ART""]|[spanishlemma=""diferente|mucho|vario|diverso|alguno|distinto|multiple|numeroso""]|[spanishlemma=""un""][spanishlemma=""gran""][spanishlemma=""número""][spanishlemma=""de""]|[spanishlemma=""montón""][spanishlemma=""de""])[spanishpos=""NC|NMON|NMEA|NP""][spanishpos!=""NEG|COLON|SEMICOLON|NEG|FS|DOTS|DASH|LP|RP|SLASH|BACKSLASH""]{0,5}[]? [spanishlemma=""tal""][spanishlemma=""cual|como|que""]?[spanishpos=""ART""]?[spanishpos=""NC|NMON|NMEA|NP""][spanishpos!=""NEG|COLON|SEMICOLON|NEG|FS|DOTS|DASH|LP|RP|SLASH|BACKSLASH""]{0,5}",
H20,TRUE,,hyp_d'inclusion,,1,"{Parmi/parmi (tous) les/dans l’ensemble des/ au nombre des} X, DET Y","{entre/entre (todos) los/en el conjunto de/entre los} X, DET Y","{entre/entre (todos) los/en el conjunto de/entre los} X, DET Y",,,entre/entre (todos/entre todos los/en el conjunto de/entre los,,NO,FALSE,FALSE,FALSE,FALSE,,11,,,,,,CM,tag,"{entre|entre (todos) los|en el conjunto de|entre los} [spanishpos=""NC|NMON|NMEA|NP""], [spanishpos=""ART""] [spanishpos=""NC|NMON|NMEA|NP""]","([spanishlemma=""entre""][spanishlemma=""todo""]?[spanishpos=""ART""]?|[spanishlemma=""en""][spanishpos=""ART""][spanishlemma=""conjunto""][spanishlemma=""de""])[spanishpos=""NC|NMON|NMEA|NP""][spanishpos!=""NEG|COLON|SEMICOLON|NEG|FS|DOTS|DASH|LP|RP|SLASH|BACKSLASH""]{0,5}[spanishpos=""CM""][spanishpos=""ART""]?[spanishpos=""NC|NMON|NMEA|NP""][spanishpos!=""NEG|COLON|SEMICOLON|NEG|FS|DOTS|DASH|LP|RP|SLASH|BACKSLASH""]{0,5}","([spanishlemma=""entre""][spanishlemma=""todo""]?[spanishpos=""ART""]?|[spanishlemma=""en""][spanishpos=""ART""][spanishlemma=""conjunto""][spanishlemma=""de""])[spanishpos=""NC|NMON|NMEA|NP""][spanishpos!=""NEG|COLON|SEMICOLON|NEG|FS|DOTS|DASH|LP|RP|SLASH|BACKSLASH""]{0,5}[spanishpos=""CM""]?[spanishpos=""ART""]?[spanishpos=""NC|NMON|NMEA|NP""][spanishpos!=""NEG|COLON|SEMICOLON|NEG|FS|DOTS|DASH|LP|RP|SLASH|BACKSLASH""]{0,5}",
H21,TRUE,,hyp_d'inclusion,,1,DET X {parmi lesquels/au (tout) premier rang desquels/au nombre desquels} DET Y {tout/toute/tous les/toutes les} Y être DET indéfini X ,DET X {entre los cuales/en el primer rango de} DET Y {todo/toda/todos los/todas las} Y sea DET indefinido X,DET X {entre los cuales/en el primer rango de} DET Y {todo/toda/todos los/todas las} Y sea DET indefinido X,,,"entre los cuales/en el primer rango de, todo/toda/todos los/todas las",,NO,FALSE,FALSE,FALSE,FALSE,,20,,"..certaines substances anti-oxydantes, parmi lesquelles les vitamines C et E…",,,entre los cuales el más directo es la demostración de un defecto puntual a nivel del producto génico o a nivel del DNA que se corresponde con el fenotipo.,ser,lemma,"[spanishpos=""ART""] [spanishpos=""NC|NMON|NMEA|NP""] {entre los cuales|en el primer rango de} [spanishpos=""ART""] [spanishpos=""NC|NMON|NMEA|NP""] {todo|toda|todos los|todas las} [spanishpos=""NC|NMON|NMEA|NP""] sea [spanishpos=""ART""] [spanishpos=""NC|NMON|NMEA|NP""]","[spanishlemma=""todo""][spanishpos=""ART""]?[spanishpos=""NC|NMON|NMEA|NP""][spanishpos!=""NEG|COLON|SEMICOLON|NEG|FS|DOTS|DASH|LP|RP|SLASH|BACKSLASH""]{0,5}[spanishpos=""VS.*""][spanishpos=""ART""]?[spanishpos=""NC|NMON|NMEA|NP""]",,
H22,TRUE,,hyp_d'inclusion,,1,DET Y être DET indéfini {spécialisation/spécification/précision/détermination} de DET X,DET Y ser DET indefinido {especialización/especificación/precisión/determinación} de DET X,DET Y ser DET indefinido {especialización/especificación/precisión/determinación} de DET X,,,especialización/especificación/precisión/determinación,,NO,FALSE,FALSE,FALSE,FALSE,,9,,,,,,ser,lemma,"[spanishpos=""ART""] [spanishpos=""NC|NMON|NMEA|NP""] ser [spanishpos=""ART""] {especialización|especificación|precisión|determinación} de [spanishpos=""ART""] [spanishpos=""NC|NMON|NMEA|NP""]","[spanishpos=""ART""]?[spanishpos=""NC|NMON|NMEA|NP""][spanishpos!=""NEG|COLON|SEMICOLON|NEG|FS|DOTS|DASH|LP|RP|SLASH|BACKSLASH""]{0,5}[spanishpos=""VS.*""][spanishpos=""ART""]?[spanishlemma="".*ción|sión""][spanishlemma=""de""][spanishpos=""NC|NMON|NMEA|NP""]",,
H23,TRUE,,hyp_d'inclusion,,1,{tout/tous} Y être DET indéfini X,{todo/todos} Y ser DET indefinido X,{todo/todos} Y ser DET indefinido X,,,todo/todos,,NO,FALSE,FALSE,FALSE,FALSE,,6,,,,,,ser,lemma,"{todo|todos} [spanishpos=""NC|NMON|NMEA|NP""] ser [spanishpos=""ART""] [spanishpos=""NC|NMON|NMEA|NP""]","[spanishlemma=""todo""][spanishpos=""ART""]?[spanishpos=""NC|NMON|NMEA|NP""][spanishpos!=""NEG|COLON|SEMICOLON|NEG|FS|DOTS|DASH|LP|RP|SLASH|BACKSLASH""]{0,5}[spanishpos=""VS.*""][spanishpos=""ART""]?[spanishpos=""NC|NMON|NMEA|NP""]",H21,
H24,TRUE,,hyp_d'inclusion,,1,{appeler/nommer/qualifier de/désigner par/ représenter {avec/par}/symboliser par/dénommer par} DET Y DET indéfini X,{llamar/nombrar/calificar de/designar por/representar {con/por}/simbolizar por/denominar por} DET Y DET indefinido X,{llamar/nombrar/calificar de/designar por/representar {con/por}/simbolizar por/(se) denominar por/nombrar por/referirse} DET Y DET indefinido X,,,llamar/nombrar/calificar de/designar por/representar {con/por}/simbolizar por/denominar por,['llamar/nombrar/calificar de/designar por/representar {con/por}/simbolizar por/(se) denominar por/nombrar por/referirse'],DICT,FALSE,TRUE,FALSE,FALSE,,12,,,,,,"VL.* ,VCLIinf",tag,"{llamar|nombrar|calificar de|designar por|representar {con|por}|simbolizar por|(se) denominar por|nombrar por|referirse} [spanishpos=""ART""] [spanishpos=""NC|NMON|NMEA|NP""] [spanishpos=""ART""] [spanishpos=""NC|NMON|NMEA|NP""]","([spanishlemma=""llamar|nombrar|referirse|referir""]|[spanishlemma=""calificar""][spanishlemma=""de""]?|[spanishlemma=""designar|representar|simbolizar|denominar|nombrar""][spanishlemma=""de|con|por|como""])[spanishpos=""ART""]?[spanishpos=""NC|NMON|NMEA|NP""][spanishpos!=""NEG|COLON|SEMICOLON|NEG|FS|DOTS|DASH|LP|RP|SLASH|BACKSLASH""]{0,5}",,
,FALSE,,,Patron sintáctico con nucleo verbal,,,{llamar/nombrar/calificar de/designar por/representar {con/por}/simbolizar por/denominar por} DET a Y DET indefinido X,,,,,,NO,FALSE,FALSE,TRUE,FALSE,,1,,,,"se entiende por, se denomina a, definirse como","verbos metalingüíticos: definir, entender o denominar",,,,,,
H25,TRUE,,hyp_d'inclusion,,1,DET Y {former/représenter/constituer/consister en} DET indéfini {spécialisation/spécification/précision/ détermination} de DET X,DET Y {formar/representar/constituir/constituir por} DET indefinido {especialización/especificación/precisión/determinación} de DET X,DET Y {formar/representar/constituir/consistir en} DET indefinido {especialización/especificación/precisión/determinación} de DET X,,,"formar/representar/constituir/constituir por, especializar/especificar/precisar/determinar",,NO,FALSE,FALSE,FALSE,FALSE,,11,,,,,,"VL.* ,VCLIinf",tag,"[spanishpos=""ART""] [spanishpos=""NC|NMON|NMEA|NP""] {formar|representar|constituir|consistir en} [spanishpos=""ART""] {especialización|especificación|precisión|determinación} de [spanishpos=""ART""] [spanishpos=""NC|NMON|NMEA|NP""]","([spanishlemma=""llamar|nombrar|referirse|referir""]|[spanishlemma=""calificar""][spanishlemma=""de""]?|[spanishlemma=""designar|representar|simbolizar|denominar|nombrar""][spanishlemma=""de|con|por|como""])[spanishpos=""ART""]?[spanishpos=""NC|NMON|NMEA|NP""][spanishpos!=""NEG|COLON|SEMICOLON|NEG|FS|DOTS|DASH|LP|RP|SLASH|BACKSLASH""]{0,5}",,
H26,TRUE,,hyp_d'inclusion,,1,DET X être {appelé/nommé/qualifié de/désigné par/représenté {avec/par}/symbolisé par/dénommé par} DET Y ,DET X ser {llamado/nombrado/calificado como/designado por/representado {con/por}/simbolizado por/denominado por} DET Y,DET X sea {llamado/nombrado/calificado como/designado por/representado {con/por}/simbolizado por/denominado por//referido} DET Y,,,llamado/nombrado/calificado como/designado por/representado {con/por}/simbolizado por/denominar por,['llamado/nombrado/calificado como/designado por/representado {con/por}/simbolizado por/denominar por/nombrado por/referido'],DICT,FALSE,TRUE,FALSE,FALSE,,11,,,,,,ser,lemma,"[spanishpos=""ART""] [spanishpos=""NC|NMON|NMEA|NP""] ser {llamado|nombrado|calificado como|designado por|representado {con|por}|simbolizado por|denominado por||referido} [spanishpos=""ART""]? [spanishpos=""NC|NMON|NMEA|NP""]","[spanishpos=""ART""] [spanishpos=""NC|NMON|NMEA|NP""][spanishpos!=""NEG|COLON|SEMICOLON|NEG|FS|DOTS|DASH|LP|RP|SLASH|BACKSLASH""]{0,5}[spanishpos=""VS.*""]([spanishlemma=""llamar|nombrar|referirse|referir""]|[spanishlemma=""calificar""][spanishlemma=""de""]?|[spanishlemma=""designar|representar|simbolizar|denominar|nombrar""][spanishlemma=""de|con|por|como""]?)[spanishpos=""ART""]? [spanishpos=""NC|NMON|NMEA|NP""]","[spanishpos=""ART""]?[spanishpos!=""NEG|COLON|SEMICOLON|NEG|FS|DOTS|DASH|LP|RP|SLASH|BACKSLASH""]{0,5} [spanishlemma=""formar|representar|constituir|consistir""][spanishpos=""PREP|CSUBX""]?[spanishpos=""ART""]? [spanishpos=""NC|NMON|NMEA|NP""][spanishlemma=""de""][spanishpos=""NC|NMON|NMEA|NP""]",
H27,TRUE,,hyp_d'inclusion,,1,DET X se {présenter/trouver/montrer} {sous/comme} DET {forme/tat/disposition/consistance/apparence/aspect/modalité/configuration/conformation/style/structure/nature) de DET Y,DET X se {presenta/encuentra/se muestra} {bajo} DET {forma/estado/disposición/consistencia/apariencia/aspecto/modalidad/configuración/conformación/estilo/estructura/naturaleza) de DET Y,DET X se {presenta/encuentra/muestra} {bajo} DET {forma/estado/disposición/consistencia/apariencia/aspecto/modalidad/configuración/conformación/estilo/estructura/naturaleza) de DET Y,,,"presenta/encuentra/se muestra, bajo, forma/estado/disposición/consistencia/apariencia/aspecto/modalidad/configuración/conformación/estilo/estructura/naturaleza",,NO,FALSE,FALSE,FALSE,FALSE,,10,,,,,en|bajo,"VL.* ,VCLIinf",tag,"[spanishpos=""ART""] [spanishpos=""NC|NMON|NMEA|NP""] se {presenta|encuentra|se muestra} {bajo} [spanishpos=""ART""] {forma|estado|disposición|consistencia|apariencia|aspecto|modalidad|configuración|conformación|estilo|estructura|naturaleza) de [spanishpos=""ART""] [spanishpos=""NC|NMON|NMEA|NP""]","[spanishpos=""ART""]?[spanishpos=""NC|NMON|NMEA|NP""][spanishpos!=""NEG|COLON|SEMICOLON|NEG|FS|DOTS|DASH|LP|RP|SLASH|BACKSLASH""]{0,5}[spanishpos=""SE""][spanishlemma=""presentar|encontrar|mostrar""][spanishlemma=""bajo""][spanishpos=""ART""]?[spanishlemma=""forma|estado|disposición|consistencia|apariencia|aspecto|modalidad|configuración|conformación|estilo|estructura|naturaleza""][spanishlemma=""de""][spanishpos=""ART""]? [spanishpos=""NC|NMON|NMEA|NP""]","[spanishpos=""ART""]?[spanishpos=""NC|NMON|NMEA|NP""][spanishpos!=""NEG|COLON|SEMICOLON|NEG|FS|DOTS|DASH|LP|RP|SLASH|BACKSLASH""]{0,5}[spanishpos=""SE""][spanishlemma=""presentar|encontrar|mostrar""][][spanishpos=""ART""]?[spanishlemma=""forma|estado|disposición|consistencia|apariencia|aspecto|modalidad|configuración|conformación|estilo|estructura|naturaleza""][spanishlemma=""de""][spanishpos=""ART""]? [spanishpos=""NC|NMON|NMEA|NP""]",
H28,TRUE,,hyp_d'inclusion,,1,DET X se {diviser/subdiviser/dissocier/morceler/fragmenter/fractionner/décomposer/partager/séparer/offrir} {sous/en} DET {forme/tat/disposition/consistance/modalité/configuration/conformation/structure) de DET Y,DET X se {divide/subdivide/disocia/rompe/fragmenta/descompone/comparte/separa/ofrece} {bajo/en} DET {forma/estado/disposición/consistencia/modalidad/configuración/conformación/estructura) de DET Y,DET X se {divide/subdivide/disocia/rompe/fragmenta/descompone/comparte/separa/ofrece} {bajo/en} DET {forma/estado/disposición/consistencia/modalidad/configuración/conformación/estructura) de DET Y,,,"divide/subdivide/disocia/rompe/fragmenta/descompone/comparte/separa/ofrece, bajo/en, forma/estado/disposición/consistencia/apariencia/aspecto/modalidad/configuración/conformación/estilo/estructura/naturaleza",,NO,FALSE,FALSE,FALSE,FALSE,,10,,,,,,"VL.* ,VCLIinf",tag,"[spanishpos=""ART""] [spanishpos=""NC|NMON|NMEA|NP""] se {divide|subdivide|disocia|rompe|fragmenta|descompone|comparte|separa|ofrece} {bajo|en} [spanishpos=""ART""] {forma|estado|disposición|consistencia|modalidad|configuración|conformación|estructura) de [spanishpos=""ART""] [spanishpos=""NC|NMON|NMEA|NP""]","[spanishpos=""ART""]?[spanishpos=""NC|NMON|NMEA|NP""][spanishpos!=""NEG|COLON|SEMICOLON|NEG|FS|DOTS|DASH|LP|RP|SLASH|BACKSLASH""]{0,5}[spanishpos=""SE""][spanishlemma=""dividir|subdividir|disociar|romper|fragmentar|descomponer|compartir|separar|ofrecer""][spanishlemma=""bajo|en|como""][spanishpos=""ART""]?[spanishlemma=""forma|estado|disposición|consistencia|apariencia|aspecto|modalidad|configuración|conformación|estilo|estructura|naturaleza""][spanishlemma=""de""][spanishpos=""ART""]? [spanishpos=""NC|NMON|NMEA|NP""]","[spanishpos=""ART""]?[spanishpos=""NC|NMON|NMEA|NP""][spanishpos!=""NEG|COLON|SEMICOLON|NEG|FS|DOTS|DASH|LP|RP|SLASH|BACKSLASH""]{0,5}[spanishpos=""SE""][spanishlemma=""dividir|subdividir|disociar|romper|fragmentar|descomponer|compartir|separar|ofrecer""][spanishlemma=""bajo|en|como""][spanishpos=""ART""]?[spanishpos=""NC|NMON|NMEA|NP""][spanishlemma=""de""][spanishpos=""ART""]? [spanishpos=""NC|NMON|NMEA|NP""]","[spanishpos=""ART""]?[spanishpos=""NC|NMON|NMEA|NP""][spanishpos!=""NEG|COLON|SEMICOLON|NEG|FS|DOTS|DASH|LP|RP|SLASH|BACKSLASH""]{0,5}[spanishpos=""SE""][spanishlemma=""dividir|subdividir|disociar|romper|fragmentar|descomponer|compartir|separar|ofrecer""][spanishlemma=""bajo|en|como""][spanishpos=""ART""]?[spanishpos=""NC|NMON|NMEA|NP""]"
H29,TRUE,,hyp_d'inclusion,,1,DET X se {présenter /trouver/montrer} {sous /comme} DET {sous-{classe/catégorie/caste/groupe/division/espèce/ensemble/division/variété/race/sorte/type/modèle/famille/genre/collection/concept/partie/partition) de DET Y,DET X se {presentar/encontrar/mostrar} {bajo} DET {sub/sub- {clase/categoría/casta/grupo/división/especie/conjunto/división/variedad/raza/tipo/modelo/familia/género/colección/concepto/parte/partición) de DET Y,DET X sea {presentado/encontrado/mostrado} {bajo} DET {sub/sub- {clase/categoría/casta/grupo/división/especie/conjunto/división/variedad/raza/tipo/modelo/familia/género/colección/concepto/parte/partición) de DET Y,,,"presentado/encontrado/mostrado, bajo, sub/sub-, clase/categoría/casta/grupo/división/especie/conjunto/división/variedad/raza/tipo/modelo/familia/género/colección/concepto/parte/partición",,NO,FALSE,FALSE,FALSE,FALSE,,12,,,,,,de,lemma,"[spanishpos=""ART""] [spanishpos=""NC|NMON|NMEA|NP""] sea {presentado|encontrado|mostrado} {bajo} [spanishpos=""ART""] {sub|sub- {clase|categoría|casta|grupo|división|especie|conjunto|división|variedad|raza|tipo|modelo|familia|género|colección|concepto|parte|partición) de [spanishpos=""ART""] [spanishpos=""NC|NMON|NMEA|NP""]","[spanishpos=""ART""]?[spanishpos=""NC|NMON|NMEA|NP""][spanishpos!=""NEG|COLON|SEMICOLON|NEG|FS|DOTS|DASH|LP|RP|SLASH|BACKSLASH""]{0,5}[spanishpos=""SE""][spanishlemma=""presentar|encontrar|mostrar""][spanishlemma=""bajo|como""][spanishpos=""ART""]?[spanishlemma=""sub.*""] [spanishlemma=""de""][spanishpos=""ART""]? [spanishpos=""NC|NMON|NMEA|NP""]","[spanishpos=""ART""]?[spanishpos=""NC|NMON|NMEA|NP""][spanishpos!=""NEG|COLON|SEMICOLON|NEG|FS|DOTS|DASH|LP|RP|SLASH|BACKSLASH""]{0,5}[spanishpos=""SE""][spanishlemma=""presentar|encontrar|mostrar""][spanishlemma=""bajo|como""][spanishpos=""ART""]?[spanishlemma=""sub.*""]","[spanishpos=""V.*""][spanishlemma=""bajo|como""][spanishpos=""ART""][spanishlemma=""clase|categoría|casta|grupo|división|especie|conjunto|división|variedad|raza|tipo|modelo|familia|género|colección|concepto|parte|partición""][spanishlemma=""de""][spanishpos=""NC|NMON|NMEA|NP""]"
H30,TRUE,,hyp_d'inclusion,,1,DET X être (présenté/divisé/trouvé/montré/subdivisé/dissocié/morcelé/fragmenté/fractionné/décomposé/ partagé/séparé) {sous/en/comme} DET {forme/état/disposition/consistance/apparence/aspect/modalité/configuration/conformation/style/structure/nature) de DET Y,DET X ser (presentado/dividido/encontrado/presentado/subdividido/disociado/roto/fraccionado/descompuesto/compartido/separado) {bajo} DET {forma/estado/disposición/consistencia/apariencia/aspecto/modalidad/configuración/conformación/estilo/estructura/naturaleza) de DET Y,DET X ser (presentado/dividido/encontrado/presentado/subdividido/disociado/roto/fraccionado/descompuesto/compartido/separado) {bajo} DET {forma/estado/disposición/consistencia/apariencia/aspecto/modalidad/configuración/conformación/estilo/estructura/naturaleza) de DET Y,,,"bajo, presentado/dividido/encontrado/presentado/subdividido/disociado/roto/fraccionado/descompuesto/compartido/separado, forma/estado/disposición/consistencia/apariencia/aspecto/modalidad/configuración/conformación/estilo/estructura/naturaleza",,NO,FALSE,FALSE,FALSE,FALSE,,11,,,,,,VS.*,tag,"[spanishpos=""ART""] [spanishpos=""NC|NMON|NMEA|NP""] sea (presentado|dividido|encontrado|presentado|subdividido|disociado|roto|fraccionado|descompuesto|compartido|separado) {bajo} [spanishpos=""ART""] {forma|estado|disposición|consistencia|apariencia|aspecto|modalidad|configuración|conformación|estilo|estructura|naturaleza) de [spanishpos=""ART""] [spanishpos=""NC|NMON|NMEA|NP""]","[spanishpos=""ART""]? [spanishpos=""NC|NMON|NMEA|NP""][spanishpos!=""NEG|COLON|SEMICOLON|NEG|FS|DOTS|DASH|LP|RP|SLASH|BACKSLASH""]{0,5}[spanishpos=""VS.*""][spanishpos=""VLadj|ADJ""][spanishlemma=""bajo|como""][spanishpos=""ART""]? [spanishpos=""NC|NMON|NMEA|NP""][spanishlemma=""de""][spanishpos=""NC|NMON|NMEA|NP""]",,
H31,TRUE,,hyp_d'inclusion,,1,{désignation/dénomination/appellation} de DET X par DET Y,{nombre/designación/apelación} de DET X por DET Y,{nombre/designación/apelación} de DET X por DET Y,,,nombre/designación/apelación,,NO,FALSE,FALSE,FALSE,FALSE,,7,,,,,,"PREP, PDEL",tag,"{nombre|designación|apelación} de [spanishpos=""ART""] [spanishpos=""NC|NMON|NMEA|NP""] por [spanishpos=""ART""] [spanishpos=""NC|NMON|NMEA|NP""]","[spanishpos=""NC|NMON|NMEA|NP""][spanishlemma=""de|del""][spanishpos=""ART""]?[spanishpos=""NC|NMON|NMEA|NP""][spanishpos!=""NEG|COLON|SEMICOLON|NEG|FS|DOTS|DASH|LP|RP|SLASH|BACKSLASH""]{0,5}[spanishlemma=""por""][spanishpos=""NC|NMON|NMEA|NP""][spanishpos!=""NEG|COLON|SEMICOLON|NEG|FS|DOTS|DASH|LP|RP|SLASH|BACKSLASH""]{0,5}","[spanishlemma=""nombre|nombramiento|designación|apelación""][spanishlemma=""de|del""][spanishpos=""ART""]?[spanishpos=""NC|NMON|NMEA|NP""][spanishpos!=""NEG|COLON|SEMICOLON|NEG|FS|DOTS|DASH|LP|RP|SLASH|BACKSLASH""]{0,5}[spanishlemma=""por""][spanishpos=""NC|NMON|NMEA|NP""][spanishpos!=""NEG|COLON|SEMICOLON|NEG|FS|DOTS|DASH|LP|RP|SLASH|BACKSLASH""]{0,5}","[spanishlemma=""nombre|nombramiento|designación|apelación""][spanishlemma=""de|del""][spanishpos=""ART""]?[spanishpos=""NC|NMON|NMEA|NP""]"
H32,TRUE,,hyp_d'exemplification,,1,DET X {(tout) comme/comme par exemple/du type/de type/tel/tel que/pareil à} (DET) Y,DET X {(todos) como por ejemplo/del tipo/tipo/igual/igual que} (DET) Y,DET X {(todos) como por ejemplo/del tipo/tipo/igual/igual que} (DET) Y,,,(todos) como por ejemplo/del tipo/tipo/igual/igual que,,NO,FALSE,FALSE,FALSE,FALSE,,12,,,,"Esto implica que un índice de experiencia es la inversión acumulada o, lo que es lo mismo, el stock de capital.",,"P.*, ADJ",tag,"[spanishpos=""ART""] [spanishpos=""NC|NMON|NMEA|NP""] {(todos) como por ejemplo|del tipo|tipo|igual|igual que} ([spanishpos=""ART""]) [spanishpos=""NC|NMON|NMEA|NP""]","[spanishpos=""ART""]?[spanishpos=""NC|NMON|NMEA|NP""][spanishpos!=""NEG|COLON|SEMICOLON|NEG|FS|DOTS|DASH|LP|RP|SLASH|BACKSLASH""]{0,5} ([spanishlemma=""todo""]?[spanishlemma=""como""]?[spanishlemma=""por""][spanishlemma=""ejemplo""]|[spanishlemma=""del|de""]?[spanishlemma=""tipo""]|[spanishlemma=""igual""][spanishlemma=""que""]?) [spanishpos=""ART""]? [spanishpos=""NC|NMON|NMEA|NP""]",,
H33,TRUE,,hyp_d'exemplification,,1,DET X {c’est-à-dire/à savoir} DET Y,DET X {es decir/a saber} DET Y,DET X {es decir/a saber/o sea/en otras palabras} DET Y,,,es decir/a saber,['es decir/a saber/o sea/en otras palabras'],DICT,FALSE,TRUE,FALSE,FALSE,,6,,,,,"la teoría de los precios o sea el análisis de la relación entre los + El comercio internacional dejaría de ser lo que es, a saber,  +",CM,tag,"[spanishpos=""ART""] [spanishpos=""NC|NMON|NMEA|NP""] {es decir|a saber|o sea|en otras palabras} [spanishpos=""ART""] [spanishpos=""NC|NMON|NMEA|NP""]","[spanishpos=""ART""] [spanishpos=""NC|NMON|NMEA|NP""][spanishpos!=""NEG|COLON|SEMICOLON|NEG|FS|DOTS|DASH|LP|RP|SLASH|BACKSLASH""]{0,5}[]?([word=""es""][word=""decir""]|[word=""a""][word=""saber""]|[word=""o""][word=""sea""]|[word=""en""][spanishlemma=""otro""][spanishlemma=""palabra""])[]? [spanishpos=""ART""] [spanishpos=""NC|NMON|NMEA|NP""]",,
,,,,CD analítico_Patrón sintáctico con marcadores reformulativos,,,DET X {es decir/a saber/por ejemplo/esto es/en otras palabras/dicho de otra manera} DET Y,,,,,,NO,FALSE,FALSE,FALSE,FALSE,,,,,,"El pronóstico de daños, esto es, la cuantificación de la magnitud de las consecuencias o daños del fenómeno destructivo sobre el sistema afectable, conteniendo una relación de la cantidad de daños humanos, económicos, sociales y ecológicos que puede producir la calamidad.",,,,,,,
H34,TRUE,,hyp_d'exemplification,,,(DET) X : (DET) Y,(DET) X : (DET) Y,(DET) X : (DET) Y,,,,,NO,FALSE,FALSE,FALSE,FALSE,,5,,,,,,COLON,tag,"([spanishpos=""ART""]) [spanishpos=""NC|NMON|NMEA|NP""] : ([spanishpos=""ART""]) [spanishpos=""NC|NMON|NMEA|NP""]","[spanishpos=""ART""]? [spanishpos=""NC|NMON|NMEA|NP""][spanishpos!=""NEG|COLON|SEMICOLON|NEG|FS|DOTS|DASH|LP|RP|SLASH|BACKSLASH""]{0,5}[spanishpos=""COLON""][spanishpos=""ART""]?[spanishpos=""NC|NMON|NMEA|NP""][spanishpos!=""NEG|COLON|SEMICOLON|NEG|FS|DOTS|DASH|LP|RP|SLASH|BACKSLASH""]{0,5}",,
,,,,Contextos definitorios funcionales,,,,,,,,,NO,FALSE,FALSE,FALSE,FALSE,,,,,,"usar en, usar para, usar como: ""Los Sistemas Expertos se pueden utilizar para definir los requerimientos (entradas) de alguna aplicación o para la interpretación de resultados entregados por alguna aplicación""","usar, utilizar, servir",,,,,,
H35,TRUE,,hyp_avec_Utiliser,,1,Utiliser DET Y {comme/en tant que} (DET) X,Utilizar DET Y {como} (DET) X,Utilizar DET Y {como} (DET) X,,,como,,NO,FALSE,FALSE,FALSE,FALSE,,8,,,,,,"CSUBX, PREP",tag,"Utilizar [spanishpos=""ART""]? [spanishpos=""NC|NMON|NMEA|NP""] {como} ([spanishpos=""ART""]) [spanishpos=""NC|NMON|NMEA|NP""]","[spanishlemma=""utilizar""] [spanishpos=""ART""]? [spanishpos=""NC|NMON|NMEA|NP""][spanishpos!=""NEG|COLON|SEMICOLON|NEG|FS|DOTS|DASH|LP|RP|SLASH|BACKSLASH""]{0,5} [spanishlemma=""como""] [spanishpos=""ART""]? [spanishpos=""NC|NMON|NMEA|NP""]","[spanishlemma=""utilizar|servir|usar|emplear""] [spanishpos=""ART""]? [spanishpos=""NC|NMON|NMEA|NP""][spanishpos!=""NEG|COLON|SEMICOLON|NEG|FS|DOTS|DASH|LP|RP|SLASH|BACKSLASH""]{0,5} [spanishlemma=""como""] [spanishpos=""ART""]? [spanishpos=""NC|NMON|NMEA|NP""]",
H36,TRUE,,hyp_avec_Utiliser,,1,DET X être utilisé {comme/en tant que/pour} (DET) Y,DET X utilizarse {como/para} (DET) Y,DET X utilizarse {como/para} (DET) Y,,,como/para,,NO,FALSE,FALSE,FALSE,FALSE,,9,,,,,,"CSUBX, PREP",tag,"[spanishpos=""ART""] [spanishpos=""NC|NMON|NMEA|NP""] utilizarse {como|para} ([spanishpos=""ART""]) [spanishpos=""NC|NMON|NMEA|NP""]","[spanishpos=""ART""]? [spanishpos=""NC|NMON|NMEA|NP""][spanishpos!=""NEG|COLON|SEMICOLON|NEG|FS|DOTS|DASH|LP|RP|SLASH|BACKSLASH""]{0,5} [spanishpos=""V.*|SE""][spanishlemma=""utilizar""][spanishlemma=""como|para""] [spanishpos=""ART""]? [spanishpos=""NC|NMON|NMEA|NP""]","[spanishpos=""ART""]? [spanishpos=""NC|NMON|NMEA|NP""][spanishpos!=""NEG|COLON|SEMICOLON|NEG|FS|DOTS|DASH|LP|RP|SLASH|BACKSLASH""]{0,5} [spanishpos=""V.*|SE""][spanishlemma=""utilizar|servir|usar|emplear""][spanishlemma=""como|para""] [spanishpos=""ART""]? [spanishpos=""NC|NMON|NMEA|NP""]",
H37,TRUE,,hyp_avec_Utiliser,,1,Utilisation de (DET) X {comme/en tant que/pour} (DET) Y,Utilización (DET) X {como/para} (DET) Y,Utilizar (DET) X {como/para} (DET) Y,,,como/para,,NO,FALSE,FALSE,FALSE,FALSE,,9,,,,,,"CSUBX, PREP",tag,"Utilizar ([spanishpos=""ART""]) [spanishpos=""NC|NMON|NMEA|NP""] {como|para} ([spanishpos=""ART""]) [spanishpos=""NC|NMON|NMEA|NP""]","[spanishlemma=""utilización""][spanishlemma=""de|del""][spanishpos=""ART""]? [spanishpos=""NC|NMON|NMEA|NP""][spanishpos!=""NEG|COLON|SEMICOLON|NEG|FS|DOTS|DASH|LP|RP|SLASH|BACKSLASH""]{0,5} [spanishlemma=""como|para""] [spanishpos=""ART""]? [spanishpos=""NC|NMON|NMEA|NP""]","[spanishlemma=""utilización|uso""][spanishlemma=""de|del""][spanishpos=""ART""]? [spanishpos=""NC|NMON|NMEA|NP""][spanishpos!=""NEG|COLON|SEMICOLON|NEG|FS|DOTS|DASH|LP|RP|SLASH|BACKSLASH""]{0,5} [spanishlemma=""como|para""] [spanishpos=""ART""]? [spanishpos=""NC|NMON|NMEA|NP""]",
,,,,Analítico,,,DET Y ser DET X,,,,,,,,,,,,,,,,,,,,,,,
,,,,Analítico,,,X (se){caracterizar} {por/como} Y,,,,,,,,,,,,,,,,,,,,,,,
,,,,Analítico,,,X (se){concebir/considerar/describir/definir/entender/conocer} como Y,,,,,,,,,,,,,,,,,,,,,,,
,,,,Analítico,,,X (se){denominar/llamar/nombrar} como Y,,,,,,,,,,,,,,,,,,,,,,,
,,,,Extensional,,,X {comprender/contener/incluir/integrar} Y,,,,,,,,,,,,,,,,,Je crois que cela ne fonctionne pas dans un relaion d'hyperonyme,,,,,,
,,,,Extensional,,,X {constar} de Y,,,,,,,,,,,,,,,,,,,,,,,
,,,,Extensional,,,X {contar} con Y,,,,,,,,,,,,,,,,,,,,,,,
,,,,Extensional,,,X {formar/componer/constituir} {por/de} Y,,,,,,,,,,,,,,,,,,,,,,,
,,,,Funcional,,,X permitir Y,,,,,,,,,,,,,,,,,,,,,,,
,,,,Funcional,,,X encargar de Y,,,,,,,,,,,,,,,,,,,,,,,
,,,,Funcional,,,X consistir en Y,,,,,,,,,,,,,,,,,,,,,,,
,,,,Funcional,,,X {funcionar/ocupar} {como/para} Y,,,,,,,,,,,,,,,,,,,,,,,
,,,,Funcional,,,X {servir/usar/emplear/utilizar} {como/para} Y,,,,,,,,,,,,,,,,,,,,,,,
,,,,Sinonímico,,,X {conocer/denominar/llamar/nombrar} también (como) Y,,,,,,,,,,,,,,,,,Je crois que cela ne fonctionne pas dans un relaion d'hyperonyme,,,,,,
,,,,,,,,,,,,,,,,,,,,,,,,,,,,,,
,,,,,1,,,,,,34,13,,,,,,,,,,,,,,,,,,