id,subid,topic,relational_semantic_type,presence,candidate_term_left,candidate_term_right,Pivot,occurrence,full_context,annotation,tags,global_freq
H01,H01_1,economy,hyp_attributif,both,"['índice', 'integración', 'índice de integración']",['promedio'],El_ART_el índice_NC_índice de_PREP_de integración_NC_integración es_VSfin_ser el_ART_el promedio_NC_promedio, El índice de integración es el promedio,de los productos manufacturados en el total de las exportaciones. El índice de integración es el promediosimple de las variaciones de los cuatro indicadores en el período señalado,« OUI »,ART NC PREP NC VSfin ART NC,10
H01,H01_2,economy,hyp_attributif,both,['aranceles'],['factor'],Los_ART_el aranceles_NC_arancel son_VSfin_ser un_ART_un factor_NC_factor, Los aranceles son un factor,varían en forma considerable en las distintas regiones en desarrollo. Los aranceles son un factorimportante porque cuando los niveles de protección son elevados el crecimiento puede,« OUI »,ART NC VSfin ART NC,16
H01,H01_3,economy,hyp_attributif,both,['crecimiento'],['efecto'],crecimiento_NC_crecimiento es_VSfin_ser el_ART_el efecto_NC_efecto, crecimiento es el efecto,lenta. Un factor que explica la relación entre integración y crecimiento es el efectofavorable de un sistema de comercio más libre y de la inversión,« NON »,NC VSfin ART NC,27
H01,H01_4,economy,hyp_attributif,right,[None],['factor'],La_ART_el reforma_NC_reforma de_PREP_de las_ART_el políticas_NC_política es_VSfin_ser un_ART_un factor_NC_factor, La reforma de las políticas es un factor,del ambiente institucional y las políticas que adopten los gobiernos. La reforma de las políticas es un factorfundamental La importancia que reviste la reforma de las políticas queda de,« NON »,ART NC PREP ART NC VSfin ART NC,6
H01,H01_5,economy,hyp_attributif,left,"['inestabilidad', 'inestabilidad macroeconómica']",[None],la_ART_el inestabilidad_NC_inestabilidad macroeconómica_ADJ_macroeconómico fue_VSfin_ser la_ART_el causa_NC_causa, la inestabilidad macroeconómica fue la causa,"el sector de exportaciones de la economía. Se estima que la inestabilidad macroeconómica fue la causade la disminución de hasta 0, 9 puntos porcentuales al año",« NON »,ART NC ADJ VSfin ART NC,14
H01,H01_6,economy,hyp_attributif,left,"['ritmo', 'integración', 'ritmo de integración']",[None],el_ART_el ritmo_NC_ritmo de_PREP_de integración_NC_integración es_VSfin_ser la_ART_el disponibilidad_NC_disponibilidad, el ritmo de integración es la disponibilidad,"necesario. El segundo aspecto en materia de políticas que afecta el ritmo de integración es la disponibilidady el mantenimiento adecuado de la infraestructura económica necesaria, en particular",« NON »,ART NC PREP NC VSfin ART NC,10
H01,H01_7,economy,hyp_attributif,left,['opciones'],[None],opciones_NC_opción son_VSfin_ser la_ART_el agrupación_NC_agrupación, opciones son la agrupación,"tipo de medidas podrían adoptarse para corregir estas distorsiones? Algunas opciones son la agrupaciónde cargas a granel para alcanzar economías de escala, la racionalización",« NON »,NC VSfin ART NC,27
H01,H01_8,economy,hyp_attributif,right,[None],['fenómeno'],el_ART_el regionalismo_NC_regionalismo es_VSfin_ser un_ART_un fenómeno_NC_fenómeno, el regionalismo es un fenómeno,"e histórica que ayudará a determinar su éxito. Dado que el regionalismo es un fenómenobastante reciente y adopta múltiples formas, no admite conclusiones simples.",« OUI »,ART NC VSfin ART NC,16
H01,H01_9,economy,hyp_attributif,none,[None],[None],Acuerdo_NC_acuerdo Multifibras_NP_Multifibras serán_VSfin_ser los_ART_el países_NC_país, Acuerdo Multifibras serán los países,desarrollo. Probablemente los principales beneficiarios de la eliminación gradual del Acuerdo Multifibras serán los paísesproductores más eficientes cuyas exportaciones a los mercados de los países industriales,« NON »,NC NP VSfin ART NC,2
H01,H01_10,economy,hyp_attributif,none,[None],[None],Françoise_NP_Françoise es_VSfin_ser una_ART_un inmigrante_NC_inmigrante, Françoise es una inmigrante,alrededor del 20 % de la población activa del mundo. Françoise es una inmigrantede origen vietnamita que vive en Francia y se gana la vida,« NON »,NP VSfin ART NC,24
H01,H01_11,economy,hyp_attributif,right,[None],['trabajadora'],Françoise_NP_Françoise es_VSfin_ser una_ART_un trabajadora_NC_trabajador, Françoise es una trabajadora,"Françoise es pobre. Desde un punto de vista jurídico, Françoise es una trabajadoraocasional que no tiene empleo seguro, pero su situación económica en",« NON »,NP VSfin ART NC,24
H01,H01_12,economy,hyp_attributif,none,[None],[None],Jean-Paul_NP_Jean-Paul es_VSfin_ser un_ART_un francés_NC_francés, Paul es un francés,alrededor del 9 % de la población activa del mundo. Paul es un francésde 50 años de edad cuyas perspectivas de empleo no son nada,« NON »,NP VSfin ART NC,24
H01,H01_13,economy,hyp_attributif,left,['trabajadores'],[None],la_ART_el nutrición_NC_nutrición de_PREP_de los_ART_el trabajadores_NC_trabajador son_VSfin_ser la_ART_el clave_NC_clave, la nutrición de los trabajadores son la clave,inversiones en la capacitación y el mejoramiento de la salud y la nutrición de los trabajadores son la claveno sólo del bienestar de la población activa sino también del buen,« NON »,ART NC PREP ART NC VSfin ART NC,6
H01,H01_14,economy,hyp_attributif,both,['característica'],['aceleración'],característica_NC_característica principal_ADJ_principal es_VSfin_ser la_ART_el aceleración_NC_aceleración, característica principal es la aceleración,Estos cambios pueden afectar profundamente al mercado de trabajo. Su característica principal es la aceleracióndel proceso de eliminación de empleos que ya no son viables y,« NON »,NC ADJ VSfin ART NC,13
H01,H01_15,economy,hyp_attributif,both,"['inversión', 'inversión']",['productos'],inversión_NC_inversión Fondos_NC_fondo de_PREP_de inversión_NC_inversión Son_VSfin_ser productos_NC_producto, inversión Fondos de inversión Son productos,"carácter social. Productos - Ahorro - Inversión - Productos de inversión Fondos de inversión Son productosde inversión en valores mobiliarios, de renta fija, variable o",« NON »,NC NC PREP NC VSfin NC,1
H01,H01_16,economy,hyp_attributif,none,[None],[None],miembro_NC_miembro son_VSfin_ser constantes_NC_constante, miembro son constantes,", podemos escribir xxx, donde todas las variables del primer miembro son constantes. Si tomamos logaritmos y derivamos respecto del tiempo obtenemos la siguiente",« NON »,NC VSfin NC,9
H01,H01_17,economy,hyp_attributif,both,['expresión'],['ecuación'],expresión_NC_expresión es_VSfin_ser una_ART_un ecuación_NC_ecuación, expresión es una ecuación,"respecto del tiempo obtenemos la siguiente relación: xxx. Esta expresión es una ecuaciónclave que requiere un cierto detenimiento. Consideremos, en primer lugar",« NON »,NC VSfin ART NC,27
H01,H01_18,economy,hyp_attributif,left,"['tasa', 'depreciación', 'tasa de depreciación']",[None],la_ART_el tasa_NC_tasa de_PREP_de depreciación_NC_depreciación es_VSfin_ser un_ART_un determinante_NC_determinante, la tasa de depreciación es un determinante,"de esto, y como se podrá constatar más adelante, la tasa de depreciación es un determinanteimportante de la tasa de crecimiento de la economía, por lo",« OUI »,ART NC PREP NC VSfin ART NC,10
H01,H01_19,economy,hyp_attributif,right,[None],['familia'],el_ART_el agente_NC_agente representativo_ADJ_representativo es_VSfin_ser una_ART_un familia_NC_familia, el agente representativo es una familia,"A partir de Barro (1974), se supone que el agente representativo es una familiao un grupo de individuos vinculados unos con otros a través del",« OUI »,ART NC ADJ VSfin ART NC,14
H01,H01_20,economy,hyp_attributif,none,[None],[None],los_ART_el niños_NC_niño del_PDEL_del presente_ADJ_presente serán_VSfin_ser los_ART_el adultos_NC_adulto, los niños del presente serán los adultos,"aumentará las tasas de fertilidad en el futuro, puesto que los niños del presente serán los adultosque ganarán estos mayores salarios. Mayores salarios futuros, por lo",« NON »,ART NC PDEL ADJ VSfin ART NC,1
H01,H01_21,economy,hyp_attributif,both,['fertilidad'],['variables'],la_ART_el fertilidad_NC_fertilidad son_VSfin_ser variables_NC_variable, la fertilidad son variables,ejemplos de modelos de crecimiento en los que la emigración y la fertilidad son variablesendógenas. Braun (1993) examina también modelos de migración y,« NON »,ART NC VSfin NC,9
H01,H01_22,economy,hyp_attributif,right,[None],['capital'],xxx_NP_xxx es_VSfin_ser el_ART_el capital_NC_capital, xxx es el capital,"el cual ambas curvas se cruzan, al que designaremos por xxx es el capitalpor trabajador que existe en el estado estacionario. Acabamos de argumentar",« NON »,NP VSfin ART NC,24
H01,H01_23,economy,hyp_attributif,both,"['estacionario', 'estado estacionario']",['supuesto'],el_ART_el estado_NC_estado estacionario_ADJ_estacionario es_VSfin_ser el_ART_el supuesto_NC_supuesto, el estado estacionario es el supuesto,. La razón intuitiva que explica la ausencia de crecimiento en el estado estacionario es el supuestode que los rendimientos del capital son decrecientes y se aproximan a,« NON »,ART NC ADJ VSfin ART NC,14
H01,H01_24,economy,hyp_attributif,left,['modelo'],[None],modelo_NC_modelo es_VSfin_ser la_ART_el rapidez_NC_rapidez, modelo es la rapidez,cuantitativa de la duración de la transición Un aspecto importante del modelo es la rapidezcon la cual la economía alcanza el nuevo estado estacionario. Para,« NON »,NC VSfin ART NC,27
H01,H01_25,economy,hyp_attributif,left,"['capital', 'físico', 'capital físico']",[None],capital_NC_capital físico_ADJ_físico es_VSfin_ser xxx_NP_xxx, capital físico es xxx,"de convergencia es igual a xxx. Si la participación del capital físico es xxxy la participación del capital humano xxx, la tasa relevante del",« NON »,NC ADJ VSfin NP,1
H01,H01_26,economy,hyp_attributif,both,"['utilidad', 'individuos']",['suma'],la_ART_el utilidad_NC_utilidad de_PREP_de los_ART_el individuos_NC_individuo es_VSfin_ser la_ART_el suma_NC_suma, la utilidad de los individuos es la suma,"población. La expresión (3. 1) indica que la utilidad de los individuos es la suma(es decir, la integral) de sus funciones instantáneas de",« OUI »,ART NC PREP ART NC VSfin ART NC,6
H01,H01_27,economy,hyp_attributif,left,['modelo'],[None],los_ART_el agentes_NC_agente del_PDEL_del modelo_NC_modelo son_VSfin_ser dinastías_NC_dinastía, los agentes del modelo son dinastías,"las herencias intergeneracionales. En este contexto, deberemos suponer que los agentes del modelo son dinastíaso familias, siendo el número de individuos pertenecientes a cada dinastía",« OUI »,ART NC PDEL NC VSfin NC,1
H01,H01_28,economy,hyp_attributif,right,[None],['consumo'],xxx_NP_xxx es_VSfin_ser el_ART_el consumo_NC_consumo, xxx es el consumo,"paterno dentro de un mundo de altruismo intergeneracional. Dado que xxx es el consumoper cápita, xxx representa la felicidad instantánea per cápita. Por",« NON »,NP VSfin ART NC,24
H01,H01_29,economy,hyp_attributif,right,[None],['función'],xxx_NP_xxx es_VSfin_ser una_ART_un función_NC_función, xxx es una función,tiene rendimientos constantes de escala & lsqb; por lo que xxx es una funciónhomogénea de grado uno: xxx. 2 La productividad marginal de,« NON »,NP VSfin ART NC,24
H01,H01_30,economy,hyp_attributif,both,"['función', 'utilidad', 'función de utilidad']",['consumo'],la_ART_el función_NC_función de_PREP_de utilidad_NC_utilidad es_VSfin_ser el_ART_el consumo_NC_consumo, la función de utilidad es el consumo,"análogas se aplican al trabajo. Obsérvese que el argumento de la función de utilidad es el consumoper cápita (c minúscula), mientras que en la restricción",« NON »,ART NC PREP NC VSfin ART NC,10
H01,H01_31,economy,hyp_attributif,both,"['propiedades', 'neoclásicas', 'propiedades neoclásicas']",['función'],las_ART_el propiedades_NC_propiedad neoclásicas_ADJ_neoclásico es_VSfin_ser la_ART_el función_NC_función, las propiedades neoclásicas es la función,"y 2, una función de producción bastante sencilla que satisface las propiedades neoclásicas es la funciónCobb-Douglas xxx. Esta función puede reescribirse en términos per cápita del",« OUI »,ART NC ADJ VSfin ART NC,14
H01,H01_32,economy,hyp_attributif,right,[None],['multiplicador'],xxx_NP_xxx es_VSfin_ser el_ART_el multiplicador_NC_multiplicador, xxx es el multiplicador,escribiremos el Hamiltoniano: xxx [4] en el que xxx es el multiplicadordinámico de Lagrange (que se puede interpretar como el precio implícito,« NON »,NP VSfin ART NC,24
H01,H01_33,economy,hyp_attributif,none,[None],[None],el_ART_el consumidor_NC_consumidor es_VSfin_ser partidario_NC_partidario, el consumidor es partidario,"comportan trayectorias de consumo poco lisas. Por lo tanto, el consumidor es partidariode intercambiar parte de su consumo futuro por consumo presente. Esto",« NON »,ART NC VSfin NC,9
H01,H01_34,economy,hyp_attributif,left,['término'],[None],El_ART_el término_NC_término de_PREP_de la_ART_el derecha_NC_derecha es_VSfin_ser el_ART_el beneficio_NC_beneficio, El término de la derecha es el beneficio,", representa el beneficio de consumir ahora [5]. El término de la derecha es el beneficioo rendimiento neto obtenido del ahorro y, por tanto, de",« NON »,ART NC PREP ART NC VSfin ART NC,6
H01,H01_35,economy,hyp_attributif,right,[None],['índice'],xxx_NP_xxx es_VSfin_ser un_ART_un índice_NC_índice, xxx es un índice,"pueden escribir de la siguiente forma: xxx en la cual xxx es un índicedel estado de la tecnología en el momento xxx, que evoluciona",« NON »,NP VSfin ART NC,24
H01,H01_36,economy,hyp_attributif,left,"['progreso', 'progreso técnico']",[None],progreso_NC_progreso técnico_ADJ_técnico Es_VSfin_ser el_ART_el momento_NC_momento, progreso técnico Es el momento,"recientes de capital son más productivas. El modelo neoclásico con progreso técnico Es el momentode regresar al progreso técnico potenciador del trabajo, que expresamos en",« NON »,NC ADJ VSfin ART NC,13
H01,H01_37,economy,hyp_attributif,left,"['función', 'utilidad', 'función de utilidad']",[None],la_ART_el función_NC_función de_PREP_de utilidad_NC_utilidad es_VSfin_ser xxx_NP_xxx, la función de utilidad es xxx,". En primer lugar, la tasa efectiva de descuento de la función de utilidad es xxx, en lugar de ser xxx. En segundo lugar, la",« NON »,ART NC PREP NC VSfin NP,2
H01,H01_38,economy,hyp_attributif,left,['depreciación'],[None],depreciación_NC_depreciación es_VSfin_ser xxx_NP_xxx, depreciación es xxx,"ser xxx. En segundo lugar, la tasa efectiva de depreciación es xxx, en lugar de xxx. Si dejamos de lado estas dos",« NON »,NC VSfin NP,4
H01,H01_39,economy,hyp_attributif,right,[None],['tasa'],xxx_NP_xxx es_VSfin_ser la_ART_el tasa_NC_tasa, xxx es la tasa,"(3. 1), xxx, en la cual xxx es la tasade descuento, xxx es la tasa constante de crecimiento de la",« NON »,NP VSfin ART NC,24
H01,H01_40,economy,hyp_attributif,right,[None],['tasa'],xxx_NP_xxx es_VSfin_ser la_ART_el tasa_NC_tasa, xxx es la tasa,", en la cual xxx es la tasa de descuento, xxx es la tasaconstante de crecimiento de la población y xxx es la inversa de",« NON »,NP VSfin ART NC,24
H01,H01_41,economy,hyp_attributif,right,[None],['rendimiento'],El_ART_el miembro_NC_miembro de_PREP_de la_ART_el derecha_NC_derecha es_VSfin_ser el_ART_el rendimiento_NC_rendimiento, El miembro de la derecha es el rendimiento,"futuro al presente para lograr así un consumo más liso. El miembro de la derecha es el rendimientode la inversión, que se reduce a la productividad marginal neta",« NON »,ART NC PREP ART NC VSfin ART NC,6
H01,H01_42,economy,hyp_attributif,none,[None],[None],xxx_NP_xxx siendo_VSger_ser xxx_NP_xxx, xxx siendo xxx,xxx. La solución a (5. 14) es xxx siendo xxx. Si tras sustituir el valor de xxx que acabamos de obtener,« NON »,NP VSger NP,5
H01,H01_43,economy,hyp_attributif,right,[None],['número'],xxx_NP_xxx es_VSfin_ser el_ART_el número_NC_número, xxx es el número,2) sujeto a la ecuación dinámica xxx en la cual xxx es el númerode activos por persona y xxx es la tasa de rendimiento de,« NON »,NP VSfin ART NC,24
H01,H01_44,economy,hyp_attributif,right,[None],['tasa'],xxx_NP_xxx es_VSfin_ser la_ART_el tasa_NC_tasa, xxx es la tasa,la cual xxx es el número de activos por persona y xxx es la tasade rendimiento de los activos. Como en el modelo AK no,« NON »,NP VSfin ART NC,24
H01,H01_45,economy,hyp_attributif,both,"['factores', 'producción', 'factores de producción']",['capital'],factores_NC_factor de_PREP_de producción_NC_producción son_VSfin_ser el_ART_el capital_NC_capital, factores de producción son el capital,"de una función de producción Cobb-Douglas en la que los dos factores de producción son el capitalfísico, xxx, y el humano, xxx, xxx siendo",« NON »,NC PREP NC VSfin ART NC,2
H01,H01_46,economy,hyp_attributif,none,[None],[None],xxx_NP_xxx siendo_VSger_ser xxx_NP_xxx, xxx siendo xxx,"capital físico, xxx, y el humano, xxx, xxx siendo xxxy xxx un parámetro constante que refleja el nivel alcanzado por la",« NON »,NP VSger NP,5
H01,H01_47,economy,hyp_attributif,none,[None],[None],xxx_NP_xxx siendo_VSger_ser xxx_NP_xxx, xxx siendo xxx,"detrayendo recursos para el consumo, mediante la siguiente relación: xxx siendo xxxy xxx las tasas de depreciación del capital físico y el humano",« NON »,NP VSger NP,5
H01,H01_48,economy,hyp_attributif,none,[None],[None],xxx_NP_xxx siendo_VSger_ser xxx_NP_xxx, xxx siendo xxx,"producción del tipo Cobb-Douglas, la producción agregada vendrá dada por xxx siendo xxx. Supondremos que cada individuo representa una parte muy reducida del tamaño",« NON »,NP VSger NP,5
H01,H01_49,economy,hyp_attributif,none,[None],[None],EL_ART_el Hamiltoniano_NP_Hamiltoniano será_VSfin_ser xxx_NP_xxx, EL Hamiltoniano será xxx,"consecuencia, se pueden aplicar las técnicas habituales de optimización. EL Hamiltoniano será xxxy las condiciones de primer orden que obtenemos son: xxx.",« NON »,ART NP VSfin NP,1
H01,H01_50,economy,hyp_attributif,none,[None],[None],xxx_NP_xxx es_VSfin_ser el_ART_el exponente_NC_exponente, xxx es el exponente,"que viene determinada por la tecnología, xxx (obsérvese que xxx es el exponentedel factor de producción público en la función de producción).",« NON »,NP VSfin ART NC,24
H01,H01_51,economy,hyp_attributif,left,['caso'],[None],caso_NC_caso sería_VSfin_ser xxx_NP_xxx, caso sería xxx,producción). La tasa de crecimiento que resultaría en este caso sería xxx. La economía de planificador central y el crecimiento óptimo Es fácil,« NON »,NC VSfin NP,4
H01,H01_52,economy,hyp_attributif,none,[None],[None],congestión_NC_congestión sería_VSfin_ser la_ART_el institución_NC_institución, congestión sería la institución,"[1] Un bien público que no estaría sujeto a congestión sería la instituciónde la realeza. Por ejemplo, todos los ciudadanos del país",« NON »,NC VSfin ART NC,27
H01,H01_53,economy,hyp_attributif,both,['aumento'],['inversión'],aumento_NC_aumento de_PREP_de la_ART_el experiencia_NC_experiencia era_VSfin_ser la_ART_el inversión_NC_inversión, aumento de la experiencia era la inversión,"aumentos de productividad. También defendía que una buena medida del aumento de la experiencia era la inversión, debido a que "" cada máquina nueva que es producida y",« NON »,NC PREP ART NC VSfin ART NC,3
H01,H01_54,economy,hyp_attributif,both,['índice'],['inversión'],un_ART_un índice_NC_índice de_PREP_de experiencia_NC_experiencia es_VSfin_ser la_ART_el inversión_NC_inversión, un índice de experiencia es la inversión,"estímulos "" (p. 157). Esto implica que un índice de experiencia es la inversiónacumulada o, lo que es lo mismo, el stock de",« OUI »,ART NC PREP NC VSfin ART NC,10
H01,H01_55,economy,hyp_attributif,both,['economía'],['número'],empresas_NC_empresa de_PREP_de la_ART_el economía_NC_economía sea_VSfin_ser un_ART_un número_NC_número, empresas de la economía sea un número,"AK de crecimiento endógeno. Supongamos ahora que el número de empresas de la economía sea un númeromuy elevado xxx, constante. Puesto que xxx es grande,",« NON »,NC PREP ART NC VSfin ART NC,3
H01,H01_56,economy,hyp_attributif,left,"['tasas', 'crecimiento', 'tasas de crecimiento']",[None],tasas_NC_tasa de_PREP_de crecimiento_NC_crecimiento son_VSfin_ser constantes_NC_constante, tasas de crecimiento son constantes,se utilizó en el modelo AK es fácil demostrar que estas tasas de crecimiento son constantese iguales a (7. 11) en todo momento.,« NON »,NC PREP NC VSfin NC,1
H01,H01_57,economy,hyp_attributif,left,['escala'],[None],escala_NC_escala relevante_ADJ_relevante sería_VSfin_ser el_ART_el área_NC_área, escala relevante sería el área,"azul. De acuerdo con el modelo, la unidad de escala relevante sería el áreaen la cual un determinado tipo de conocimiento se desborda. Es",« NON »,NC ADJ VSfin ART NC,13
H01,H01_58,economy,hyp_attributif,both,"['efectos', 'escala', 'efectos de escala']",['supuesto'],los_ART_el efectos_NC_efecto de_PREP_de escala_NC_escala es_VSfin_ser el_ART_el supuesto_NC_supuesto, los efectos de escala es el supuesto,"vez mayor. Técnicamente, la razón que está detrás de los efectos de escala es el supuestode que la externalidad depende del volumen agregado de capital. Una",« NON »,ART NC PREP NC VSfin ART NC,10
H01,H01_59,economy,hyp_attributif,both,"['factores', 'producción', 'factores de producción']",['capital'],los_ART_el factores_NC_factor de_PREP_de producción_NC_producción son_VSfin_ser el_ART_el capital_NC_capital, los factores de producción son el capital,") parte de una función de producción Cobb-Douglas en la que los factores de producción son el capitalfísico y el humano, de modo que la producción viene dada",« NON »,ART NC PREP NC VSfin ART NC,10
H01,H01_60,economy,hyp_attributif,both,['externalidad'],['medio'],externalidad_NC_externalidad es_VSfin_ser un_ART_un medio_NC_medio, externalidad es un medio,recoger una externalidad del stock medio de capital humano. Esta externalidad es un mediode reflejar el hecho de que la gente es más productiva cuando,« NON »,NC VSfin ART NC,27
H01,H01_61,economy,hyp_attributif,left,['supuesto'],[None],supuesto_NC_supuesto extremo_ADJ_extremo es_VSfin_ser una_ART_un versión_NC_versión, supuesto extremo es una versión,. La función de producción es lineal en éste. Este supuesto extremo es una versiónlímite del supuesto que el sector educativo es relativamente más intensivo en,« NON »,NC ADJ VSfin ART NC,13
H01,H01_62,economy,hyp_attributif,right,[None],['parámetro'],xxx_NP_xxx es_VSfin_ser el_ART_el parámetro_NC_parámetro, xxx es el parámetro,el sector de bienes finales [1]. La constante xxx es el parámetrode productividad del sector educativo. Los individuos eligen la trayectoria temporal,« NON »,NP VSfin ART NC,24
H01,H01_63,economy,hyp_attributif,none,[None],[None],xxx_NP_xxx siendo_VSger_ser xxx_NP_xxx, xxx siendo xxx,", al construir el Hamiltoniano deberemos incluir dos precios implícitos: xxx siendo xxxy xxx, precisamente, los precios implícitos de la inversión en",« NON »,NP VSger NP,5
H01,H01_64,economy,hyp_attributif,both,['ecuaciones'],['condiciones'],ecuaciones_NC_ecuación son_VSfin_ser las_ART_el condiciones_NC_condición, ecuaciones son las condiciones,"surgen de este problema son: xxx. Las dos primeras ecuaciones son las condicionesde primer orden respecto a las dos variables de control, xxx",« NON »,NC VSfin ART NC,27
H01,H01_65,economy,hyp_attributif,left,"['tasas', 'crecimiento', 'tasas de crecimiento']",[None],las_ART_el tasas_NC_tasa de_PREP_de crecimiento_NC_crecimiento son_VSfin_ser xxx_NP_xxx, las tasas de crecimiento son xxx,". Vemos que, en ausencia de externalidades, xxx, las tasas de crecimiento son xxx. Es interesante observar que esta expresión es similar a la tasa",« NON »,ART NC PREP NC VSfin NP,2
H01,H01_66,economy,hyp_attributif,left,['crecimiento'],[None],el_ART_el crecimiento_NC_crecimiento es_VSfin_ser xxx_NP_xxx, el crecimiento es xxx,La única diferencia es que el parámetro de productividad relevante para el crecimiento es xxx(la productividad del sector educativo) en lugar de xxx (,« NON »,ART NC VSfin NP,1
H01,H01_67,economy,hyp_attributif,right,[None],['capital'],xxx_NP_xxx son_VSfin_ser el_ART_el capital_NC_capital, xxx son el capital,"físico como humano, por ejemplo xxx, donde xxx y xxx son el capitalfísico y humano utilizados en el sector educativo respectivamente. EL supuesto",« NON »,NP VSfin ART NC,24
H01,H01_68,economy,hyp_attributif,both,['modelos'],['existencia'],modelos_NC_modelo es_VSfin_ser la_ART_el existencia_NC_existencia, modelos es la existencia,crecimiento de la economía. El elemento común de todos esos modelos es la existenciade empresas dedicadas a la investigación y el desarrollo (I +,« NON »,NC VSfin ART NC,27
H01,H01_69,economy,hyp_attributif,right,[None],['parámetro'],xxx_NP_xxx es_VSfin_ser un_ART_un parámetro_NC_parámetro, xxx es un parámetro,"forma: xxx siendo xxx los bienes intermedios de capital, xxx es un parámetrotecnológico y xxx es el trabajo. En otras palabras, la",« NON »,NP VSfin ART NC,24
H01,H01_70,economy,hyp_attributif,right,[None],['trabajo'],xxx_NP_xxx es_VSfin_ser el_ART_el trabajo_NC_trabajo, xxx es el trabajo,"bienes intermedios de capital, xxx es un parámetro tecnológico y xxx es el trabajo. En otras palabras, la producción se obtiene a partir de",« NON »,NP VSfin ART NC,24
H01,H01_71,economy,hyp_attributif,right,[None],['aumento'],xxx_NP_xxx es_VSfin_ser el_ART_el aumento_NC_aumento, xxx es el aumento,"también incorpora los costes marginales futuros de producir cantidades crecientes de xxx es el aumentode la producción de xxx, el coste marginal de producir la",« NON »,NP VSfin ART NC,24
H01,H01_72,economy,hyp_attributif,right,[None],['multiplicador'],xxx_NP_xxx es_VSfin_ser el_ART_el multiplicador_NC_multiplicador, xxx es el multiplicador,"de plantear el Hamiltoniano de este problema xxx en el cual xxx es el multiplicadordinámico y xxx ha sido reemplazado por su valor, tal como",« NON »,NP VSfin ART NC,24
H01,H01_73,economy,hyp_attributif,right,[None],['función'],xxx_NP_xxx es_VSfin_ser una_ART_un función_NC_función, xxx es una función,"Un aspecto interesante de (9. 10) es que xxx es una funciónde una serie de parámetros y de xxx, el tipo de",« NON »,NP VSfin ART NC,24
H01,H01_74,economy,hyp_attributif,none,[None],[None],activos_NC_activo es_VSfin_ser un_ART_un margen_NC_margen, activos es un margen,"11) indica, pues, que el precio de tales activos es un margenconstante sobre el coste marginal, siendo el margen una función de",« NON »,NC VSfin ART NC,27
H01,H01_75,economy,hyp_attributif,both,['tecnología'],['bien'],la_ART_el tecnología_NC_tecnología es_VSfin_ser un_ART_un bien_NC_bien, la tecnología es un bien,", presenta un efecto de escala. El motivo es que la tecnología es un bienno rival: el coste de desarrollar un nuevo producto es independiente",« NON »,ART NC VSfin ART NC,16
H01,H01_76,economy,hyp_attributif,left,['resultado'],[None],resultado_NC_resultado es_VSfin_ser fruto_NC_fruto, resultado es fruto,puede desaparecer con una cierta probabilidad. [4] Este resultado es frutode la ausencia de depreciación. Si la hubiéramos introducido en el,« NON »,NC VSfin NC,9
H01,H01_77,economy,hyp_attributif,right,[None],['función'],oferta_NC_oferta sea_VSfin_ser función_NC_función, oferta sea función,"con cada movimiento de los precios, a menos que tal oferta sea funcióndependiente sólo del salario real. De este modo, su método",« NON »,NC VSfin NC,9
H01,H01_78,economy,hyp_attributif,none,[None],[None],la_ART_el Economía_NP_Economía Política_ADJ_político es_VSfin_ser una_ART_un investigación_NC_investigación, la Economía Política es una investigación,"9 de octubre de 1820: "" Ud. supone que la Economía Política es una investigaciónde la naturaleza y causas de la riqueza -y yo estimo que",« OUI »,ART NP ADJ VSfin ART NC,1
H01,H01_79,economy,hyp_attributif,both,"['costo', 'uso', 'costo de uso']",['ganancia'],el_ART_el costo_NC_costo de_PREP_de uso_NC_uso es_VSfin_ser la_ART_el ganancia_NC_ganancia, el costo de uso es la ganancia,"la producción resultante sobre la suma del costo de factores y el costo de uso es la ganancia, o, como lo llamaremos, el ingreso del empresario.",« NON »,ART NC PREP NC VSfin ART NC,10
H01,H01_80,economy,hyp_attributif,none,[None],[None],exposición_NC_exposición es_VSfin_ser el_ART_el objeto_NC_objeto, exposición es el objeto,"la esencia de la teoría general de la ocupación, cuya exposición es el objetoque nos proponemos, los capítulos siguientes se ocuparán extensamente de examinar",« NON »,NC VSfin ART NC,27
H01,H01_81,economy,hyp_attributif,left,['factores'],[None],factores_NC_factor son_VSfin_ser constantes_NC_constante, factores son constantes,"supondremos que el salario nominal y el costo de los otros factores son constantespor unidad de trabajo empleado; pero esta simplificación, de la",« NON »,NC VSfin NC,9
H01,H01_82,economy,hyp_attributif,both,['ocupación'],['caso'],ocupación_NC_ocupación es_VSfin_ser un_ART_un caso_NC_caso, ocupación es un caso,ocupación plena. La demanda efectiva que trae consigo la plena ocupación es un casoespecial que sólo se realiza cuando la propensión a consumir y el,« NON »,NC VSfin ART NC,27
H01,H01_83,economy,hyp_attributif,left,"['salarios', 'nominales', 'salarios nominales']",[None],los_ART_el salarios_NC_salario nominales_ADJ_nominal son_VSfin_ser constantes_NC_constante, los salarios nominales son constantes,"cambios en D son compatibles con nuestro supuesto provisional de que los salarios nominales son constantes. Por esta razón será necesario, para realizar una exposición más",« NON »,ART NC ADJ VSfin NC,4
H01,H01_84,economy,hyp_attributif,none,[None],[None],optimismo_NC_optimismo es_VSfin_ser el_ART_el causante_NC_causante, optimismo es el causante,"realidad lo hace así es eliminar graciosamente nuestras dificultades. Tal optimismo es el causantede que se mire a los economistas como Cándidos que, habiéndose",« NON »,NC VSfin ART NC,27
H01,H01_85,economy,hyp_attributif,left,['definición'],[None],definición_NC_definición precisa_ADJ_preciso es_VSfin_ser una_ART_un tarea_NC_tarea, definición precisa es una tarea,el correcto y apropiado para el análisis económico; pero su definición precisa es una tareaimposible hasta que se haya adoptado un sistema satisfactorio de unidades.,« NON »,NC ADJ VSfin ART NC,13
H01,H01_86,economy,hyp_attributif,both,['casos'],['suposición'],la_ART_el mayoría_NC_mayoría de_PREP_de los_ART_el casos_NC_caso es_VSfin_ser la_ART_el suposición_NC_suposición, la mayoría de los casos es la suposición,"a su eficacia en el empleo específico real (que en la mayoría de los casos es la suposiciónrealista que debe hacerse), la eficacia descendente del trabajo empleado",« NON »,ART NC PREP ART NC VSfin ART NC,6
H01,H01_87,economy,hyp_attributif,both,['ahorro'],['excedente'],ahorro_NC_ahorro es_VSfin_ser el_ART_el excedente_NC_excedente, ahorro es el excedente,"yo sepa, todo el mundo está de acuerdo en que ahorro es el excedentedel ingreso sobre lo que se gasta en consumo; y no",« NON »,NC VSfin ART NC,27
H01,H01_88,economy,hyp_attributif,left,['ahorro'],[None],el_ART_el ahorro_NC_ahorro era_VSfin_ser la_ART_el fuerza_NC_fuerza, el ahorro era la fuerza,allí que el cambio en el excedente de la inversión sobre el ahorro era la fuerzamotora que regia las modificaciones en el volumen de la producción.,« NON »,ART NC VSfin ART NC,16
H01,H01_89,economy,hyp_attributif,both,['ahorro'],['excedente'],ahorro_NC_ahorro forzado_ADJ_forzado es_VSfin_ser el_ART_el excedente_NC_excedente, ahorro forzado es el excedente,"ocupación plena, la definición anterior se expresaría así: "" ahorro forzado es el excedentedel ahorro real sobre lo que se ahorraría si hubiera ocupación plena",« NON »,NC ADJ VSfin ART NC,13
H01,H01_90,economy,hyp_attributif,both,['ahorro'],['fenómeno'],ahorro_NC_ahorro sería_VSfin_ser un_ART_un fenómeno_NC_fenómeno, ahorro sería un fenómeno,"definición tendría sentido, pero significaría que un excedente forzado de ahorro sería un fenómenomuy raro e inestable, y una deficiencia forzada de ahorro el",« NON »,NC VSfin ART NC,27
H01,H01_91,economy,hyp_attributif,both,"['tasa', 'interés', 'tasa de interés']",['factor'],la_ART_el tasa_NC_tasa de_PREP_de interés_NC_interés era_VSfin_ser el_ART_el factor_NC_factor, la tasa de interés era el factor,"de interés, que se basó en la idea de que la tasa de interés era el factorque ponía en equilibrio la oferta y la demanda de ahorros,",« OUI »,ART NC PREP NC VSfin ART NC,10
H01,H01_92,economy,hyp_attributif,both,['ocupación'],['función'],la_ART_el ocupación_NC_ocupación es_VSfin_ser función_NC_función, la ocupación es función,"la importancia del hecho ya mencionado antes de que, mientras la ocupación es funcióndel consumo y la inversión previstos, el consumo es, ceteris",« OUI »,ART NC VSfin NC,9
H01,H01_93,economy,hyp_attributif,both,"['valor', 'inversiones']",['consecuencia'],el_ART_el valor_NC_valor de_PREP_de las_ART_el inversiones_NC_inversión fueran_VSfin_ser consecuencia_NC_consecuencia, el valor de las inversiones fueran consecuencia,y procederemos en las secciones siguientes como si los cambios en el valor de las inversiones fueran consecuenciasolamente de cambios de la expectativa de sus rendimientos probables y de,« NON »,ART NC PREP ART NC VSfin NC,1
H01,H01_94,economy,hyp_attributif,right,[None],['propiedad'],las_ART_el empresas_NC_empresa eran_VSfin_ser propiedad_NC_propiedad, las empresas eran propiedad,"gobierna el mercado. En otros tiempos, cuando casi todas las empresas eran propiedadde los empresarios o de sus amigos y asociados, la inversión",« NON »,ART NC VSfin NC,9
H01,H01_95,economy,hyp_attributif,none,[None],[None],realidad_NC_realidad es_VSfin_ser una_ART_un convención_NC_convención, realidad es una convención,", por regla general, en referirnos a lo que en realidad es una convención. La esencia de ésta -aunque desde luego no funciona con tanta",« NON »,NC VSfin ART NC,27
H01,H01_96,economy,hyp_attributif,both,['tendencias'],['consecuencia'],tendencias_NC_tendencia son_VSfin_ser una_ART_un consecuencia_NC_consecuencia, tendencias son una consecuencia,"se han orientado de hecho hacia un fin diferente. Estas tendencias son una consecuenciadifícilmente eludible de que hayamos logrado organizar mercados de inversiones "" líquidos",« NON »,NC VSfin ART NC,27
H01,H01_97,economy,hyp_attributif,both,"['salarios', 'nominales', 'salarios nominales']",['reducción'],los_ART_el salarios_NC_salario nominales_ADJ_nominal es_VSfin_ser una_ART_un reducción_NC_reducción, los salarios nominales es una reducción,"referimos a un sistema no cerrado, y la baja de los salarios nominales es una reducciónrelativamente a los salarios nominales en el exterior cuando ambos se convierten",« OUI »,ART NC ADJ VSfin ART NC,14
H01,H01_98,economy,hyp_attributif,none,[None],[None],país_NC_país es_VSfin_ser un_ART_un sistema_NC_sistema, país es un sistema,"Unidos, se debe, probablemente, a que este último país es un sistemacerrado en comparación con el inglés. 3 En el caso de",« NON »,NC VSfin ART NC,27
H01,H01_99,economy,hyp_attributif,both,"['salarios', 'nominales', 'salarios nominales']",['reducción'],los_ART_el salarios_NC_salario nominales_ADJ_nominal sea_VSfin_ser una_ART_un reducción_NC_reducción, los salarios nominales sea una reducción,"a consumir. 4 Si se espera que la baja de los salarios nominales sea una reducciónrelativamente a los salarios nominales en el futuro, el cambio será",« NON »,ART NC ADJ VSfin ART NC,14
H01,H01_100,economy,hyp_attributif,both,['caso'],['efecto'],caso_NC_caso es_VSfin_ser el_ART_el efecto_NC_efecto, caso es el efecto,"pero la variación más importante de la que no hemos hecho caso es el efecto, tanto sobre los costos como sobre el volumen, de los",« NON »,NC VSfin ART NC,27
H01,H01_101,economy,hyp_attributif,both,['resultado'],['consecuencia'],resultado_NC_resultado es_VSfin_ser consecuencia_NC_consecuencia, resultado es consecuencia,"efecto de aumentarla en términos de unidades de costo. Este resultado es consecuenciadel supuesto de que los factores de la producción, y en",« NON »,NC VSfin NC,9
H01,H01_102,economy,hyp_attributif,both,"['dinero', 'excedente']",['proporción'],dinero_NC_dinero excedente_ADJ_excedente es_VSfin_ser una_ART_un proporción_NC_proporción, dinero excedente es una proporción,". Entrarán en juego las tendencias opuestas si la cantidad de dinero excedente es una proporciónanormalmente baja del ingreso nacional. Así, el efecto neto de",« NON »,NC ADJ VSfin ART NC,13
H01,H01_103,economy,hyp_attributif,both,['sobreinversión'],['característica'],la_ART_el sobreinversión_NC_sobreinversión es_VSfin_ser la_ART_el característica_NC_característica, la sobreinversión es la característica,"de acuerdo con el punto de vista de quienes sostienen que la sobreinversión es la característicadel auge, que el único remedio posible para la siguiente depresión",« OUI »,ART NC VSfin ART NC,16
H01,H01_104,economy,hyp_attributif,both,['sentido'],['característica'],sentido_NC_sentido fuera_VSfin_ser una_ART_un característica_NC_característica, sentido fuera una característica,". [4] Además, aunque la sobreinversión en este sentido fuera una característicanormal del auge, el remedio no estaría en imponer de súbito",« OUI »,NC VSfin ART NC,27
H01,H01_105,economy,hyp_attributif,left,['tasa'],[None],tasa_NC_tasa sea_VSfin_ser un_ART_un obstáculo_NC_obstáculo, tasa sea un obstáculo,"desacertada de expectativas que, mientras dura, impide que esta tasa sea un obstáculoreal. El auge es una situación tal que el exceso de",« NON »,NC VSfin ART NC,27
H01,H01_106,economy,hyp_attributif,left,['auge'],[None],El_ART_el auge_NC_auge es_VSfin_ser una_ART_un situación_NC_situación, El auge es una situación,"dura, impide que esta tasa sea un obstáculo real. El auge es una situacióntal que el exceso de optimismo triunfa sobre una tasa de interés",« OUI »,ART NC VSfin ART NC,16
H01,H01_107,economy,hyp_attributif,left,['economía'],[None],economía_NC_economía es_VSfin_ser el_ART_el dominio_NC_dominio, economía es el dominio,"resto de la gente que piensa, habla y escribe de economía es el dominiode técnicas [2] que clasificamos bajo los tres títulos generales",« NON »,NC VSfin ART NC,27
H01,H01_108,economy,hyp_attributif,both,['económicos'],['historia'],campos_NC_campo económicos_ADJ_económico es_VSfin_ser la_ART_el historia_NC_historia, campos económicos es la historia,"Historia económica & rsqb; El más importante de esos tres campos económicos es la historiaeconómica, la cual desemboca en los hechos de hoy día y",« NON »,NC ADJ VSfin ART NC,13
H01,H01_109,economy,hyp_attributif,both,['historia'],['fuente'],la_ART_el historia_NC_historia es_VSfin_ser una_ART_un fuente_NC_fuente, la historia es una fuente,"lamentables consecuencias de la anterior argumentación. Primera: puesto que la historia es una fuenteimportante -aunque no la única- del material del economista, y puesto",« OUI »,ART NC VSfin ART NC,16
H01,H01_110,economy,hyp_attributif,both,"['economista', 'mismo']",['producto'],el_ART_el economista_NC_economista mismo_ADJ_mismo es_VSfin_ser un_ART_un producto_NC_producto, el economista mismo es un producto,"del material del economista, y puesto que, además, el economista mismo es un productode su propia época y de todo el tiempo anterior, el",« OUI »,ART NC ADJ VSfin ART NC,14
H01,H01_111,economy,hyp_attributif,left,"['historia', 'historia económica']",[None],la_ART_el historia_NC_historia económica_ADJ_económico es_VSfin_ser una_ART_un parte_NC_parte, la historia económica es una parte,": hemos de registrar resueltamente el hecho de que, como la historia económica es una partede la economía, las técnicas del historiador son como pasajeros en",« NON »,ART NC ADJ VSfin ART NC,14
H01,H01_112,economy,hyp_attributif,both,"['métodos', 'estadísticos', 'métodos estadísticos']",['condición'],métodos_NC_método estadísticos_ADJ_estadístico es_VSfin_ser una_ART_un condición_NC_condición, métodos estadísticos es una condición,"métodos. Así pues, el dominio suficiente de los modernos métodos estadísticos es una condiciónnecesaria (aunque no suficiente) para evitar que el economista moderno",« NON »,NC ADJ VSfin ART NC,13
H01,H01_113,economy,hyp_attributif,left,"['métodos', 'estadísticos', 'métodos estadísticos']",[None],los_ART_el métodos_NC_método estadísticos_ADJ_estadístico son_VSfin_ser parte_NC_parte, los métodos estadísticos son parte,"programa. Pero reconoceremos, en principio al menos, que los métodos estadísticos son partede los instrumentos del análisis económico, aunque no hayan sido construidos",« NON »,ART NC ADJ VSfin NC,4
H01,H01_114,economy,hyp_attributif,left,['hipótesis'],[None],hipótesis_NC_hipótesis son_VSfin_ser elementos_NC_elemento, hipótesis son elementos,esas significaciones entiende por teorías hipótesis explicativas Desde luego que esas hipótesis son elementosesenciales de la historiografía y de la estadística también. Por ejemplo,« NON »,NC VSfin NC,9
H01,H01_115,economy,hyp_attributif,both,"['teoría', 'teoría económica']",['caja'],la_ART_el teoría_NC_teoría económica_ADJ_económico es_VSfin_ser una_ART_un caja_NC_caja, la teoría económica es una caja,". Según la frase insuperablemente acertada de la señora Robinson, la teoría económica es una cajade herramientas. La justificación de este concepto de la teoría económica",« OUI »,ART NC ADJ VSfin ART NC,14
H01,H01_116,economy,hyp_attributif,none,[None],[None],verlas_NC_verlas fue_VSfin_ser Léon_NP_Léon, verlas fue Léon,"de todas sus posibilidades; en realidad, el primero en verlas fue LéonWalras (cfr. infra, Parte IV, cap. 6",« NON »,NC VSfin NP,4
H01,H01_117,economy,hyp_attributif,none,[None],[None],La_NP_La formulación_NC_formulación del_PDEL_del texto_NC_texto es_VSfin_ser una_ART_un exposición_NC_exposición, La formulación del texto es una exposición,si se reúnen y formulan explícitamente). [12] La formulación del texto es una exposiciónbreve de la doctrina de E. Mach según la cual toda,« NON »,NP NC PDEL NC VSfin ART NC,1
H01,H01_118,economy,hyp_attributif,left,['ciencia'],[None],la_ART_el ciencia_NC_ciencia es_VSfin_ser un_ART_un tema_NC_tema, la ciencia es un tema,las razones por las cuales y la medida en la cual la ciencia es un temaapropiado para la investigación sociológica. Desde luego que nuestro interés por,« OUI »,ART NC VSfin ART NC,16
H01,H01_119,economy,hyp_attributif,right,[None],['producto'],observador_NC_observador analista_NC_analista es_VSfin_ser producto_NC_producto, observador analista es producto,situación se agrava aún por el hecho de que el mismo observador analista es productode un determinado ambiente social -y de su situación personal en ese,« NON »,NC NC VSfin NC,1
H01,H01_120,economy,hyp_attributif,none,[None],[None],El_ART_el país_NC_país enemigo_ADJ_enemigo es_VSfin_ser el_ART_el antro_NC_antro, El país enemigo es el antro,", excepto por lo que hace a la fragilidad humana. El país enemigo es el antrode los monstruos, mientras que el nuestro es hogar de héroes",« NON »,ART NC ADJ VSfin ART NC,14
H01,H01_121,economy,hyp_attributif,left,['capitalista'],[None],la_ART_el sociedad_NC_sociedad capitalista_ADJ_capitalista son_VSfin_ser glorificaciones_NC_glorificación, la sociedad capitalista son glorificaciones,". Según Marx -y por decirlo simplificadamente-, las ideologías de la sociedad capitalista son glorificacionesde lo que él llamó clase capitalista, cuyos intereses se basarían",« OUI »,ART NC ADJ VSfin NC,4
H01,H01_122,economy,hyp_attributif,left,['ideologías'],[None],las_ART_el ideologías_NC_ideología son_VSfin_ser sobrestructuras_NC_sobrestructuras, las ideologías son sobrestructuras,El principio mismo no implica más que dos cosas: que las ideologías son sobrestructuraslevantadas sobre y producidas por las realidades de la estructura social objetiva,« OUI »,ART NC VSfin NC,9
H01,H01_123,economy,hyp_attributif,right,[None],['factor'],la_ART_el posición_NC_posición social_ADJ_social es_VSfin_ser un_ART_un factor_NC_factor, la posición social es un factor,al concepto de influencia ideológica. No hay duda de que la posición social es un factorpoderoso en la configuración de nuestra mentalidad. Pero eso no equivale,« NON »,ART NC ADJ VSfin ART NC,14
H01,H01_124,economy,hyp_attributif,none,[None],[None],el_ART_el mundo_NC_mundo es_VSfin_ser víctima_NC_víctima, el mundo es víctima,"se puede decir de un modo ligeramente más realista: todo el mundo es víctimadel autoengaño ideológico, excepto el moderno intelectual radical, el cual",« NON »,ART NC VSfin NC,9
H01,H01_125,economy,hyp_attributif,right,[None],['hecho'],cuestiones_NC_cuestión es_VSfin_ser el_ART_el hecho_NC_hecho, cuestiones es el hecho,humanas. Ahora bien: si algo evidente hay en estas cuestiones es el hechode que ese intelectual no es más que un haz de prejuicios,« NON »,NC VSfin ART NC,27
H01,H01_126,economy,hyp_attributif,none,[None],[None],lengua_NC_lengua materna_ADJ_materno era_VSfin_ser el_ART_el alemán-_NC_alemán-, lengua materna era el,"sociología del saber "". Pero parece claro que Schumpeter -cuya lengua materna era eltraduce con alguna intención filosófica cuando escribe The Sociology of Science.",« NON »,NC ADJ VSfin ART NC,13
H01,H01_127,economy,hyp_attributif,left,['alemana'],[None],La_ART_el palabra_NC_palabra alemana_ADJ_alemán es_VSfin_ser Wissenssoziologie_NP_Wissenssoziologie, La palabra alemana es Wissenssoziologie,"término'sociología del conocimiento'del modo siguiente: "" La palabra alemana es Wissenssoziologie, y los autores más dignos de cita, Max Scheler y",« OUI »,ART NC ADJ VSfin NP,1
H01,H01_128,economy,hyp_attributif,both,['ideología'],['factor'],ideología_NC_ideología de_PREP_de las_ART_el burocracias_NC_burocracia es_VSfin_ser un_ART_un factor_NC_factor, ideología de las burocracias es un factor,"la influencia de las ideologías en el análisis, pues esta ideología de las burocracias es un factorimportante de la acientífica costumbre de los economistas de utilizar una teoría",« NON »,NC PREP ART NC VSfin ART NC,3
H01,H01_129,economy,hyp_attributif,left,['pirámide social'],[None],pirámide_NC_pirámide social_ADJ_social eran_VSfin_ser los_ART_el campesinos_NC_campesino, pirámide social eran los campesinos,"civilización de la época feudal. La base económica de esta pirámide social eran los campesinossiervos y los artesanos del señor, de cuyo trabajo vivía éste",« NON »,NC ADJ VSfin ART NC,13
H01,H01_130,economy,hyp_attributif,left,['feudalismo'],[None],el_ART_el feudalismo_NC_feudalismo es_VSfin_ser la_ART_el simbiosis_NC_simbiosis, el feudalismo es la simbiosis,"municipios lombardos. Por eso, visto como realidad histórica, el feudalismo es la simbiosisde dos sistemas sociales esencialmente diferentes y en gran parte -aunque no",« NON »,ART NC VSfin ART NC,16
H01,H01_131,economy,hyp_attributif,right,[None],['monjes'],tiempos_NC_tiempo fueron_VSfin_ser monjes_NC_monje, tiempos fueron monjes,"lo tanto, casi todos los "" intelectuales "" de aquellos tiempos fueron monjeso frailes. Consideremos brevemente algunas consecuencias de esa circunstancia. Todos",« NON »,NC VSfin NC,9
H01,H01_132,economy,hyp_attributif,none,[None],[None],país_NC_país era_VSfin_ser la_ART_el Cristiandad_NC_cristiandad, país era la Cristiandad,"autoridad suprema del papa, que era esencialmente internacional: su país era la Cristiandad'y su estado la Iglesia. Pero no es eso todo",« NON »,NC VSfin ART NC,27
H01,H01_133,economy,hyp_attributif,left,['resultado'],[None],El_ART_el resultado_NC_resultado fue_VSfin_ser el_ART_el nacimiento_NC_nacimiento, El resultado fue el nacimiento,Dante como la completa ausencia del punto de vista nacionalista. El resultado fue el nacimientode una civilización esencialmente internacional y de una república internacional de los,« NON »,ART NC VSfin ART NC,16
H01,H01_134,economy,hyp_attributif,none,[None],[None],La_ART_el Iglesia_NP_Iglesia era_VSfin_ser juez_NC_juez, La Iglesia era juez,representar como cosa inmutable un orden temporal de las cosas. La Iglesia era juezde todas las cosas humanas; el conflicto con la autoridad temporal,« NON »,ART NP VSfin NC,1
H01,H01_135,economy,hyp_attributif,left,['temporal'],[None],la_ART_el autoridad_NC_autoridad temporal_ADJ_temporal era_VSfin_ser una_ART_un posibilidad_NC_posibilidad, la autoridad temporal era una posibilidad,"era juez de todas las cosas humanas; el conflicto con la autoridad temporal era una posibilidadsiempre presente, y a menudo realidad; las órdenes monásticas eran",« NON »,ART NC ADJ VSfin ART NC,14
H01,H01_136,economy,hyp_attributif,none,[None],[None],las_ART_el órdenes_NC_orden monásticas_ADJ_monástico eran_VSfin_ser instrumentos_NC_instrumento, las órdenes monásticas eran instrumentos,"era una posibilidad siempre presente, y a menudo realidad; las órdenes monásticas eran instrumentosimportantes de la autoridad pontificia, pero eso no bastaba para impedirlas",« NON »,ART NC ADJ VSfin NC,4
H01,H01_137,economy,hyp_attributif,left,['ciencia'],[None],la_ART_el ciencia_NC_ciencia es_VSfin_ser medición_NC_medición, la ciencia es medición,teórico. Pero era uno de esos teóricos para los cuales la ciencia es medición; uno de esos teóricos que forjan instrumentos analíticos adecuados para manejar,« OUI »,ART NC VSfin NC,9
H01,H01_138,economy,hyp_attributif,left,['generalizaciones'],[None],generalizaciones_NC_generalización son_VSfin_ser la_ART_el combinación_NC_combinación, generalizaciones son la combinación,"desprecian cordialmente todos los demás; uno de esos teóricos cuyas generalizaciones son la combinaciónde cifras y razonamiento, nunca tolerados separadamente. La relación entre",« NON »,NC VSfin ART NC,27
H01,H01_139,economy,hyp_attributif,none,[None],[None],la_ART_el mujer_NC_mujer son_VSfin_ser ejemplos_NC_ejemplo, la mujer son ejemplos,del matrimonio en relación con las edades del marido y de la mujer son ejemplosal azar de un amplio campo de investigación que se iba a,« NON »,ART NC VSfin NC,9
H01,H01_140,economy,hyp_attributif,left,"['velocidad', 'dinero']",[None],velocidad_NC_velocidad del_PDEL_del dinero_NC_dinero es_VSfin_ser -y_NC_-y, velocidad del dinero es,", que la mayoría de sus contemporáneos. Su concepto de velocidad del dinero escon razón- el más famoso, y se volverá a citar en",« NON »,NC PDEL NC VSfin NC,1
H01,H01_141,economy,hyp_attributif,left,['trabajo'],[None],el_ART_el trabajo_NC_trabajo es_VSfin_ser el_ART_el padre_NC_padre, el trabajo es el padre,"mundo conoce la frase, repetida ad nauseam de que "" el trabajo es el padre... de la riqueza, así como las tierras son su madre",« OUI »,ART NC VSfin ART NC,16
H01,H01_142,economy,hyp_attributif,none,[None],[None],Davenant_NP_Davenant fue_VSfin_ser un_ART_un funcionario_NC_funcionario, Davenant fue un funcionario,"fila que merece, pero que no ha conseguido todavía. Davenant fue un funcionariopúblico, pero también un político, elegido tres veces al parlamento",« NON »,NP VSfin ART NC,24
H01,H01_143,economy,hyp_attributif,none,[None],[None],afirmación_NC_afirmación son_VSfin_ser los_ART_el Estados_NC_estado, afirmación son los Estados,"la burguesía no gobernaba políticamente: las excepciones principales a esa afirmación son los EstadosUnidos y, durante los diecisiete años del régimen de Luis-Felipe,",« NON »,NC VSfin ART NC,27
H01,H01_144,economy,hyp_attributif,left,['cátedra'],[None],La_ART_el cátedra_NC_cátedra era_VSfin_ser una_ART_un fundación_NC_fundación, La cátedra era una fundación,cátedra de economía política en el Trinity College de Dublín. La cátedra era una fundacióndel arzobispo Whately. Escribió también acerca de las leyes de pobres,« NON »,ART NC VSfin ART NC,16
H01,H01_145,economy,hyp_attributif,none,[None],[None],Thunen_NP_Thunen era_VSfin_ser un_ART_un Junker_NC_Junker, Thunen era un Junker,"de este período, con la posible excepción de Cournot. Thunen era un Junkerde la Alemania septentrional y siguió la profesión típica del Junkertum prusiano",« NON »,NP VSfin ART NC,24
H01,H01_146,economy,hyp_attributif,none,[None],[None],granjero_NC_granjero práctico_ADJ_práctico era_VSfin_ser un_ART_un pensador_NC_pensador, granjero práctico era un pensador,"poder dedicarse durante el invierno a sus intereses intelectuales. Este granjero práctico era un pensadornato, sin embargo 'completamente incapaz de supervisar las cuadrillas que",« NON »,NC ADJ VSfin ART NC,13
H01,H01_147,economy,hyp_attributif,none,[None],[None],Thunen_NP_Thunen era_VSfin_ser un_ART_un agrónomo_NC_agrónomo, Thunen era un agrónomo,"generalizaciones de épocas más antiguas, pero, ante todo, Thunen era un agrónomoeducado en las ideas de Thaer y un cultivador de la economía",« NON »,NP VSfin ART NC,24
H01,H01_148,economy,hyp_attributif,none,[None],[None],localizaciones_NC_localización son_VSfin_ser zonas_NC_zona, localizaciones son zonas,"la caza; sobre la base de sus supuestos, esas localizaciones son zonasanulares. Como subproducto obtiene Thunen una teoría de la renta superior",« NON »,NC VSfin NC,9
H01,H01_149,economy,hyp_attributif,both,['producción'],['salarios'],gastos_NC_gasto de_PREP_de producción_NC_producción son_VSfin_ser los_ART_el salarios_NC_salario, gastos de producción son los salarios,"un proceso productivo de un año en el cual los únicos gastos de producción son los salarios. Llamemos p al valor en dólares del producto nacional neto,",« NON »,NC PREP NC VSfin ART NC,2
H01,H01_150,economy,hyp_attributif,left,['hecho'],[None],el_ART_el hecho_NC_hecho es_VSfin_ser un_ART_un elemento_NC_elemento, el hecho es un elemento,una seria depresión para la agricultura europea. Desde luego que el hecho es un elementoesencial del aumento del 50 por ciento del salario real de los,« NON »,ART NC VSfin ART NC,16
H01,H01_151,economy,hyp_attributif,none,[None],[None],adaptación_NC_adaptación posible_ADJ_posible era_VSfin_ser la_ART_el bancarrota_NC_bancarrota, adaptación posible era la bancarrota,"para muchos individuos y para muchos grupos el único método de adaptación posible era la bancarrota. Y para los trabajadores, el paro o su omnipresente amenaza",« NON »,NC ADJ VSfin ART NC,13
H01,H01_152,economy,hyp_attributif,right,[None],['factor'],la_ART_el burocracia_NC_burocracia era_VSfin_ser un_ART_un factor_NC_factor, la burocracia era un factor,"con una determinada dificultad económica. En países en los cuales la burocracia era un factorpotente y, como en Alemania, se había adherido al liberalismo",« OUI »,ART NC VSfin ART NC,16
H01,H01_153,economy,hyp_attributif,both,['tipo'],['obra'],tipo_NC_tipo fue_VSfin_ser obra_NC_obra, tipo fue obra,de nuestro conocimiento factual. Mucho trabajo adicional de este mismo tipo fue obrade personas y grupos en relación con ese esfuerzo colectivo de la,« NON »,NC VSfin NC,9
H01,H01_154,economy,hyp_attributif,right,[None],['monopolista'],empresa_NC_empresa será_VSfin_ser un_ART_un monopolista_NC_monopolista, empresa será un monopolista,"el monopolio "" se trague el análisis competitivo "": cada empresa será un monopolista, esto es, vendedor único de su propio producto, y",« NON »,NC VSfin ART NC,27
H01,H01_155,economy,hyp_attributif,both,['dinámica'],['punto'],la_ART_el dinámica_NC_dinámica es_VSfin_ser un_ART_un punto_NC_punto, la dinámica es un punto,"o "" progreso "". [1] Así definida, la dinámica es un puntode partida auténticamente nuevo. En varios recodos de nuestro camino,",« OUI »,ART NC VSfin ART NC,16
H01,H01_156,economy,hyp_attributif,right,[None],['característica'],preocupación_NC_preocupación es_VSfin_ser una_ART_un característica_NC_característica, preocupación es una característica,"problemas del ciclo económico. Como ya hemos visto, esa preocupación es una característicadestacada de nuestro tiempo. El anterior análisis de los factores que",« NON »,NC VSfin ART NC,27
H01,H01_157,economy,hyp_attributif,left,['uso'],[None],uso_NC_uso del_PDEL_del léxico_NC_léxico son_VSfin_ser Frisch_NP_Frisch, uso del léxico son Frisch,con la teoría del crecimiento. Las principales autoridades de nuestro uso del léxico son Frischy Hicks. Ejemplos destacados de otro uso son HARROD (véase,« NON »,NC PDEL NC VSfin NP,1
H01,H01_158,economy,hyp_attributif,left,['uso'],[None],uso_NC_uso son_VSfin_ser HARROD_NP_Harrod, uso son HARROD,"del léxico son Frisch y Hicks. Ejemplos destacados de otro uso son HARROD(véase particularmente Towards a Dynamic Economics, 1948) y Stigler",« NON »,NC VSfin NP,4
H01,H01_159,economy,hyp_attributif,left,['coeficientes'],[None],los_ART_el coeficientes_NC_coeficiente sean_VSfin_ser constantes_NC_constante, los coeficientes sean constantes,"del número de variables, sino también el postulado de que los coeficientes sean constantes: si no lo fueran, la ecuación no sería tan fácil",« NON »,ART NC VSfin NC,9
H01,H01_160,economy,hyp_attributif,both,"['ritmo', 'crecimiento', 'ritmo de crecimiento']",['debilidad'],el_ART_el ritmo_NC_ritmo de_PREP_de crecimiento_NC_crecimiento es_VSfin_ser la_ART_el debilidad_NC_debilidad, el ritmo de crecimiento es la debilidad,"progresivamente creciente. Una de las causas de la moderación en el ritmo de crecimiento es la debilidadque muestra el consumo, pese a su perfil creciente. El",« NON »,ART NC PREP NC VSfin ART NC,10
H01,H01_161,economy,hyp_attributif,both,"['debilidad', 'consumo', 'debilidad del consumo']",['característica'],La_ART_el debilidad_NC_debilidad del_PDEL_del consumo_NC_consumo es_VSfin_ser una_ART_un característica_NC_característica, La debilidad del consumo es una característica,"del 1, 1 % y 0, 8 %. La debilidad del consumo es una característicacomún a los tres países, así como los ajustes fiscales necesarios",« OUI »,ART NC PDEL NC VSfin ART NC,1
H01,H01_162,economy,hyp_attributif,none,[None],[None],España_NP_España fueron_VSfin_ser el_ART_el avión_NC_avión, España fueron el avión,"otra parte, las dos vías utilizadas preferentemente para entrar en España fueron el avión(63 % de los casos) y la carretera (32",« NON »,NP VSfin ART NC,24
H01,H01_163,economy,hyp_attributif,left,"['bienes', 'industriales', 'bienes industriales']",[None],los_ART_el bienes_NC_bien industriales_ADJ_industrial fue_VSfin_ser el_ART_el elemento_NC_elemento, los bienes industriales fue el elemento,buen comportamiento de los precios de los alimentos elaborados y de los bienes industriales fue el elementodeterminante de esta reducción trascendental de la tasa de inflación. Gracias,« NON »,ART NC ADJ VSfin ART NC,14
H01,H01_164,economy,hyp_attributif,right,[None],['factores'],Nueva_NC_nueva York_NP_York fueron_VSfin_ser los_ART_el factores_NC_factor, Nueva York fueron los factores,de interés y la trayectoria al alza de la Bolsa de Nueva York fueron los factoresexplicativos más directos de la carrera alcista de la bolsa española.,« OUI »,NC NP VSfin ART NC,2
H01,H01_165,economy,hyp_attributif,none,[None],[None],la_ART_el Ley_NC_ley es_VSfin_ser el_ART_el fortalecimiento_NC_fortalecimiento, la Ley es el fortalecimiento,"ambientales o culturales. Otro de los grandes cambios que introducirá la Ley es el fortalecimientodel derecho de propiedad, con relación al régimen urbanístico. En",« NON »,ART NC VSfin ART NC,16
H01,H01_166,economy,hyp_attributif,both,"['bruta', 'deuda bruta']",['variable'],La_ART_el deuda_NC_deuda bruta_ADJ_bruto es_VSfin_ser la_ART_el variable_NC_variable, La deuda bruta es la variable,"la posición activa del Estado en el Banco de España. La deuda bruta es la variableseñalada en la condición de convergencia de Maastricht, que difiere pues",« OUI »,ART NC ADJ VSfin ART NC,14
